cvegeo,avg_schooling_years,pct_homes_internet,pct_homes_car,pct_homes_computer,avg_occupants_per_home
2100100010118,8.06,28.09,25.62,14.44,4.8
210010001018A,8.65,31.22,28.54,20.49,4.58
2100100010194,9.75,42.27,40.70,31.12,4.48
2100100010207,9.14,38.84,31.80,23.68,4.55
2100100010300,7.47,19.78,24.18,10.99,4.92
2100100010315,7.95,30.00,32.22,16.67,4.49
210010001032A,6.95,17.65,32.35,11.76,4.88
2100100010476,9.06,36.28,34.51,24.78,4.58
2100100040122,7.49,22.22,46.30,11.11,4.48
2100100040141,6.94,23.32,48.82,14.57,4.6
2100100040419,7.52,28.25,47.53,12.33,4.76
2100100040423,7.32,32.85,32.85,17.39,4.27
2100100040599,6.76,14.88,49.09,11.75,4.81
2100100060353,8.41,19.80,38.61,12.87,4.04
2100100060438,8.25,26.78,37.02,16.86,4.66
2100100060442,8.12,29.45,36.24,18.44,4.61
2100100060495,10.28,41.67,41.67,25.00,4.08
2100100060565,9.07,33.33,37.50,16.67,4.88
2100100110226,8.24,30.77,40.00,25.77,4.53
2100100110230,8.12,27.81,42.33,21.68,4.46
2100100110283,8.08,,28.57,,4.29
2100100110298,7.56,9.01,27.03,9.01,4.41
2100100110508,8.04,15.45,36.99,13.01,4.62
2100100110512,7.97,21.93,22.81,21.05,4.52
2100100150014,8.29,22.22,37.78,18.89,4.8
2100100150029,7.58,21.96,27.15,12.77,4.83
2100100150033,8.28,25.15,30.36,17.71,4.92
2100100150048,7.13,19.45,28.53,9.89,5.01
2100100150052,7.09,21.05,30.70,13.16,4.96
2100100160264,8.38,39.58,35.09,20.84,4.32
2100100160368,8.05,36.51,33.33,7.94,4.21
2100100160457,8.24,35.00,32.31,16.54,4.89
2100100160461,7.99,37.28,30.31,16.38,4.83
2100100160480,9.35,,,,3.83
2100100160527,6.36,29.41,,23.53,5.06
2100100170349,6.02,,10.10,0.00,5.23
2100100170531,5.23,3.22,6.44,1.14,5.5
2100100170546,5.56,2.40,9.45,0.93,5.05
2100100170550,5.53,,13.33,0.00,5.7
2100100240620,7.93,24.95,36.26,17.93,4.84
2100100240635,7.07,11.40,41.23,7.02,4.82
2100100330601,6.75,12.09,34.88,9.07,4.9
2100100330616,6.69,7.55,29.56,7.86,4.64
210020001005A,7.5,6.19,24.95,9.90,3.56
2100200010064,8.13,9.53,25.00,13.31,3.46
2100300010023,10.77,42.82,33.05,35.95,3.53
2100300010131,10.42,46.84,38.10,37.54,3.47
2100300010146,10.24,44.96,34.88,33.53,3.87
2100300010150,9.83,35.75,29.82,28.89,3.84
2100300010165,9.47,23.12,35.26,26.59,3.97
210030001017A,8.29,10.13,25.32,7.59,4.27
2100300010184,8.67,18.59,29.96,19.49,3.82
2100300010199,8.58,16.67,27.38,17.86,4.23
2100300010269,8.44,7.35,26.47,11.76,4.51
2100300010273,10.06,34.18,43.04,35.44,4.01
2100300010343,6,42.86,,0.00,3.29
2100300010358,9.91,32.37,32.37,29.95,3.85
2100300010362,10.52,40.05,38.42,34.88,3.62
2100300010377,7.64,0.00,60.00,0.00,4.6
2100300010381,9.67,25.00,43.75,34.38,3.78
2100300010396,12.64,49.47,55.32,53.19,3.41
2100300010409,8.03,0.00,35.71,21.43,3.64
2100300150292,7.82,9.55,25.63,10.55,3.69
2100300150305,7.64,3.23,17.05,6.45,3.64
210030015031A,8.3,2.86,20.71,8.57,3.61
2100300150324,8.26,18.42,23.68,,3.68
2100300150339,7.59,6.34,21.95,10.24,3.8
2100400010020,9.08,35.89,41.78,25.04,4.48
2100400010177,7.99,27.87,36.76,19.84,4.94
2100400010181,7.37,17.30,28.80,11.51,4.86
2100400010196,9.43,41.78,39.85,33.19,4.65
2100400010209,8.27,27.14,35.70,17.67,4.89
2100400010213,9.04,38.93,50.38,25.57,4.58
2100400010228,7.65,19.46,34.05,14.05,4.59
2100400010251,7.59,9.09,35.61,9.85,4.79
2100400010266,6.81,,18.75,12.50,4.56
2100400010270,10.33,52.69,40.52,37.24,4.11
2100400010285,8.81,32.66,39.38,25.00,4.66
210040001029A,7.41,,26.67,0.00,5.47
2100400010302,7.62,,37.50,,5.54
2100400010355,8.16,8.89,35.56,8.89,4.36
2100400020232,6.93,14.96,28.63,9.40,4.5
2100400020247,7.65,17.26,39.16,9.07,4.68
2100400020317,7.35,18.59,39.80,10.10,4.83
2100400020321,7.45,12.22,38.48,11.62,4.92
2100400020336,7.49,,47.50,15.00,4.59
210040006036A,6.62,3.16,18.18,2.40,4.43
2100400070374,6.05,4.11,27.66,2.06,5.02
2100400080054,6.7,1.44,24.10,2.88,5.1
2100400080088,6.8,9.24,23.10,3.30,4.83
2100400090105,5.48,7.63,32.20,3.39,4.61
2100400090139,6.7,4.95,46.45,4.95,4.61
2100400090143,7.56,8.41,42.51,10.70,4.45
2100400090158,6.65,7.08,37.80,6.15,4.51
2100400090162,5.4,5.66,32.08,,5.08
2100400090340,0.00,,,,0.00
2100500010028,6.29,2.76,17.83,1.94,3.54
2100600010010,10,41.58,37.89,32.63,3.78
210060001003A,9.78,20.66,34.71,23.14,4.06
2100600010044,12.83,,0.00,,4
2100600010059,9.56,,23.08,,3.85
2100600050063,4.89,11.71,2.97,0.70,4.71
2100700010037,6.62,5.88,28.24,5.29,3.81
2100700010041,5.81,5.00,28.33,0.00,4.95
2100700010056,5.81,20.69,27.59,,4.62
2100700010060,5.58,0.00,0.00,0.00,4.67
2100800010049,9.88,42.33,43.67,23.67,4.02
2100800010053,9.35,42.90,46.88,21.59,4.05
2100900010046,6.87,,47.37,15.79,3.11
2100900010050,6.78,6.85,33.56,8.90,3.51
2100900010065,8.17,7.35,36.76,15.69,3.47
210090001007A,4.3,0.00,,0.00,2.68
2100900010084,5.88,0.00,,0.00,4
2101000010028,8.03,33.62,24.47,21.35,4.44
2101000010032,7.08,30.83,21.01,17.55,4.77
2101000010102,6.65,22.52,18.39,12.60,4.31
2101000010117,6.55,20.74,17.65,11.85,4.49
2101000010121,7.44,25.31,19.59,18.78,4.19
2101000010140,6.59,22.64,13.84,8.81,4.66
2101000010155,8.36,38.80,26.01,22.64,4.43
210100001016A,7.99,36.27,25.80,21.64,4.42
2101000010174,10.28,56.31,30.10,44.66,3.85
210100016009A,4.82,1.06,2.13,1.06,6.01
210100025009A,5.32,2.94,3.77,2.94,5.62
2101100010025,6.53,29.46,20.33,9.75,3.63
210110001003A,7.13,0.00,,,5
2101200010037,8.06,17.87,27.95,14.41,3.9
2101200010041,7.47,14.25,27.78,11.35,3.95
2101200010056,7.68,16.03,28.85,12.50,3.71
2101300010049,7.23,37.91,25.82,21.83,4.72
2101300010053,7.03,36.43,28.52,20.45,4.91
2101300010072,6.74,31.44,32.11,17.65,4.89
2101300010087,6.74,34.49,20.73,16.42,4.7
2101300010091,6.39,30.84,17.76,14.02,4.52
2101400010031,6.75,11.91,9.47,8.70,3.6
2101500010113,9.83,44.29,32.49,29.56,3.66
2101500010128,8.21,27.08,29.21,14.71,4.1
2101500010132,11.11,55.08,44.25,44.52,3.57
2101500010147,9.2,49.42,39.77,32.43,3.98
2101500010151,9.48,48.59,30.07,28.52,3.88
2101500010166,10.27,58.98,46.68,42.01,4.1
2101500010185,11.5,67.65,56.06,49.87,3.58
210150001019A,9.92,82.80,25.81,30.11,4.06
2101500010217,8.96,35.27,31.74,22.72,3.89
2101500010221,8.74,42.68,45.12,20.73,4.19
2101500010236,9.95,38.13,34.11,23.08,3.62
2101500010240,8.86,33.86,33.66,25.00,4.03
2101500010255,6.58,17.15,23.43,7.95,5.16
210150001026A,9.35,43.58,31.77,24.97,4.05
2101500010274,7.87,22.97,27.68,11.81,4.63
2101500010289,9.77,47.68,32.42,34.67,4.35
2101500010293,9.09,36.74,32.30,22.61,4.31
2101500010306,9.97,51.19,35.78,33.20,4.42
2101500010310,8.36,32.60,27.86,19.64,4.45
210150001033A,10.55,63.82,43.57,43.20,3.77
210150001040A,8.16,30.53,25.34,16.56,3.84
2101500010414,6.8,15.89,18.05,6.29,4.37
2101500010429,7.02,11.53,25.59,11.17,4.23
2101500010433,9.5,38.36,32.88,20.55,3.92
2101500010452,10.29,55.02,41.03,44.98,3.57
2101500010467,10.61,58.48,44.55,42.05,3.92
2101500010471,9.71,62.87,36.01,28.74,3.16
2101500010486,7.13,18.68,31.87,13.19,3.82
2101500040503,6.97,9.30,20.66,6.43,4.53
2101500310344,11,72.08,51.99,44.87,3.47
2101500310359,10.45,76.46,40.26,41.23,3.8
2101500310382,9.77,57.32,39.91,36.71,3.81
2101500310397,9.83,63.43,36.57,30.69,4.02
2101500310490,9.96,46.27,44.78,40.30,3.96
2101500680077,10.11,46.23,28.07,27.59,3.67
2101500680170,8.27,25.29,36.02,14.56,4.36
2101600010036,10.41,52.34,54.69,38.28,3.59
2101600010040,7.14,8.33,33.33,4.17,3.65
2101600010055,8.36,53.85,53.85,46.15,3.77
210160001006A,8.8,49.15,38.98,18.64,3.22
2101600010074,8.51,39.02,29.27,19.51,3.78
2101700010048,11.27,45.86,43.84,48.08,3.59
2101700010052,9.97,28.38,33.78,27.93,3.75
2101700010067,9.7,29.72,35.53,29.72,3.82
2101700010071,8.43,17.17,28.25,14.40,4.11
2101700010090,7.69,,13.33,10.00,4.43
2101700040103,6.88,5.78,17.81,5.63,4.32
2101700080086,6.69,6.30,16.77,3.90,4.66
210180001005A,8.5,25.83,29.58,20.42,3.41
2101800010083,7.67,14.29,17.14,20.00,3.23
2101800010098,8.21,,,20.00,3
2101900010023,9.71,53.02,36.49,37.40,3.91
2101900010076,11.32,64.96,37.63,48.24,3.35
2101900010108,9.94,54.73,31.58,35.16,3.62
2101900010216,9.4,49.71,32.76,31.61,4.1
2101900010235,14.67,94.60,93.53,85.61,2.77
210190001024A,9.31,45.18,39.91,34.65,3.79
2101900010269,10.59,57.65,45.88,48.24,3.58
2101900010273,10.95,57.29,36.31,42.29,3.3
2101900010288,9.03,42.60,31.35,25.40,3.7
2101900010305,10.65,59.39,41.56,42.88,3.65
210190001031A,11.3,65.04,52.15,53.32,3.61
2101900010324,9.11,49.53,38.13,30.84,3.98
2101900010339,10.5,55.99,38.31,41.06,3.61
2101900010343,9.87,52.31,36.60,32.53,3.64
2101900010358,7.15,32.44,41.96,13.10,3.52
2101900010362,6.69,20.14,36.04,7.77,3.98
2101900010377,7.45,33.82,37.35,17.35,3.72
2101900010381,8.28,37.18,27.66,20.18,4.14
2101900010396,7.73,39.85,18.96,12.96,4.01
2101900010409,9.57,39.65,35.91,23.94,4.02
2101900010413,11.89,68.76,58.58,60.12,3.23
2101900010428,10.28,56.24,53.55,39.35,3.71
2101900010432,12.82,86.54,85.58,76.92,3.08
2101900010447,9.61,46.76,48.20,35.97,3.57
2101900010451,9.85,59.03,39.35,39.68,3.83
2101900010466,11.62,69.14,54.18,53.77,3.44
2101900010485,9.46,45.43,33.87,37.37,4.05
2101900010574,8.8,36.76,24.26,21.69,4.25
2101900010589,10.17,48.00,37.07,32.80,3.95
2101900010593,11.87,75.57,59.73,52.94,3.47
2101900010606,9.73,52.71,31.79,37.67,3.88
2101900010610,9.37,49.85,31.46,33.28,4
2101900010625,10.35,56.22,32.69,42.13,3.55
210190001063A,11.98,65.25,33.00,51.75,2.88
2101900010644,9.79,53.70,36.32,35.19,3.85
2101900010659,10.47,54.22,33.57,39.14,3.46
2101900010663,10.62,58.12,28.43,41.32,3.49
2101900010678,11.02,67.24,37.48,48.19,3.58
2101900010682,9.15,47.29,33.05,30.77,4.01
2101900010697,9.92,54.12,43.01,39.07,4
210190001070A,12.17,79.27,66.52,68.47,3.19
2101900010714,11.02,67.27,50.70,50.50,3.49
2101900010729,12.24,71.82,53.95,54.98,3.63
2101900010733,10.88,61.73,30.96,43.32,3.35
2101900010748,8.88,25.36,26.81,11.59,3.74
2101900010771,9.28,52.94,49.02,39.22,4
2101900010786,8.94,43.40,43.40,24.53,4.4
2101900010790,9.78,29.03,35.48,16.13,3.97
2101900010803,12.67,86.15,67.69,56.92,2.98
2101900010818,7.95,27.08,32.29,16.67,4.35
2101900010841,7.78,40.62,31.25,18.75,4.19
2101900010856,7.4,,62.50,,3.5
210190065017A,5.89,7.21,26.80,6.95,4.29
2101900650220,5.53,11.11,31.39,5.56,4.46
210190065049A,5.32,3.60,18.02,0.00,4.48
2101900650502,5.21,19.78,31.87,4.40,5.2
2101900650517,6.29,9.09,20.78,,4.62
2101900760521,7.23,19.10,28.64,6.53,3.66
2101900760536,7.86,27.40,31.51,10.96,4.47
2101900760540,6.91,26.32,33.33,21.05,4.11
2101900760822,7.11,22.80,32.40,11.60,4.02
2101900760837,7.39,20.31,25.29,9.96,3.86
2101900880860,9.83,37.43,37.43,28.30,3.43
2101900880875,12.58,51.52,55.20,50.08,3.04
210190088088A,12.11,48.64,55.33,51.72,3.07
2101902410038,11.35,64.84,51.32,49.91,3.28
2102000010039,8.07,21.45,30.29,12.87,4.48
2102000010043,8.12,23.48,34.78,15.94,3.91
2102000010058,7.82,22.43,29.58,13.87,4.27
2102000010062,7.03,10.96,23.29,4.11,3.86
2102000010077,8.71,42.86,71.43,42.86,4.43
2102100010021,8.22,40.22,33.70,16.58,3.72
2102200010052,7.72,27.71,25.70,12.85,3.8
2102200010103,7.02,,,,3.5
2102200030067,6.84,23.04,36.11,10.13,3.89
2102200030071,6.72,9.33,29.33,7.56,3.79
2102200030086,6.89,10.42,29.17,,4.88
2102200030090,7.26,,50.00,,4.33
2102200030118,6.41,0.00,37.50,0.00,4
2102200030122,7.63,17.02,40.43,14.89,3.51
2102200030137,8.33,,0.00,0.00,3.75
2102200040048,6.22,7.99,14.24,5.90,4.66
2102300010045,7.21,10.00,31.14,9.14,4.2
210230001005A,7.18,12.74,32.83,10.15,4.33
2102300010064,6.69,0.00,0.00,0.00,5
2102300010079,7.86,,33.33,,3.89
2102400010042,,,,,
2102400010057,6.47,9.43,35.85,15.09,3.36
2102400010061,5.92,2.96,35.56,7.41,3.09
2102400010076,,,,,
2102500010054,9.12,22.12,23.96,22.58,3.37
2102500010069,9.99,17.53,27.49,21.65,3.45
2102500010073,9.19,18.90,25.98,21.26,3.33
2102500010088,9.18,15.68,20.21,18.47,3.2
2102500010092,10.66,15.38,50.00,53.85,3.35
210260001009A,8.06,41.32,32.23,15.70,4.25
2102600010117,8.56,48.32,29.48,16.98,4.25
2102600010121,8.93,45.68,35.14,21.89,4.11
2102600010136,8.23,37.56,34.97,15.54,4.42
2102600010140,7.98,32.55,25.47,12.74,4.2
2102600010155,7.09,38.16,30.26,10.53,5.2
2102600020174,6.36,36.38,44.16,12.35,3.83
2102600020189,6.64,33.33,52.00,10.67,3.96
210260003016A,6.07,21.86,40.09,9.91,4.54
2102700010078,7.56,32.79,22.95,9.02,3.2
2102800010037,6.46,4.16,3.50,3.94,3.64
2102900010034,8.49,23.00,13.45,24.37,3.99
2102900010049,7.85,13.66,6.83,15.53,4.02
2102900010053,6.47,6.72,7.56,9.24,4.04
2102900010068,6.98,,,,3.79
2103000010035,6.8,32.34,10.45,9.45,3.4
2103100010066,5.55,,33.33,0.00,3.22
2103100010070,4.41,0.00,27.59,,4.45
2103100010085,5.5,9.48,32.76,6.90,3.36
210310001009A,5.52,11.82,27.27,7.27,3.42
2103100010117,6.34,9.42,29.71,3.62,3.41
2103100010121,5.05,0.00,,0.00,3.88
2103100010136,3.8,,0.00,0.00,4.75
2103100010140,7.04,18.81,44.55,10.89,3.45
2103100010155,5.17,13.24,44.12,4.41,3.62
210310001016A,,,,,
2103100010174,,,,,
2103200010044,7.33,6.55,20.24,10.12,3.18
2103300010037,7.85,5.18,32.27,6.97,3.94
2103400010053,8.92,39.83,34.84,21.32,4.52
2103400010068,9.33,40.12,32.90,21.21,4.55
2103400010072,9.71,43.84,44.59,24.92,4.72
2103400010123,8.41,27.47,32.27,14.40,4.57
2103400010138,9.42,38.27,41.91,25.97,4.72
2103400010142,9.24,30.87,39.60,18.79,4.67
2103400010176,9.09,35.45,32.80,19.05,4.28
2103400010180,6.86,20.00,16.00,16.00,5.4
2103400010195,9,33.68,32.30,19.59,4.68
2103400020087,8.15,36.37,34.79,19.16,4.6
2103400020091,8.29,30.90,34.25,16.29,4.59
2103400020157,8.26,31.82,33.64,12.73,4.8
2103400030119,10.7,55.39,59.67,46.30,3.69
2103400030161,8.92,46.34,51.22,29.27,4.76
2103400030208,8.81,31.71,26.83,24.39,4.95
2103400030212,8.85,38.60,44.14,18.40,4.66
2103400030227,8.82,34.24,46.25,20.60,4.91
2103400030231,13.96,91.89,78.38,67.57,3.05
2103500010101,10.08,36.17,23.40,24.47,3.74
2103500010116,9.73,45.25,26.62,35.74,3.9
210350001014A,9.38,36.39,29.11,26.58,3.98
2103500010154,10.18,42.51,33.33,35.75,3.87
2103500010169,7.81,22.00,28.00,22.00,3.84
2103500010173,8.6,25.93,22.22,17.28,4.22
2103500010205,8.83,,55.56,,2.44
210350001021A,7.25,19.01,13.22,10.74,3.96
2103500010224,7.55,16.24,18.80,15.81,4.05
2103500010239,9.53,,,,3
2103500010243,7.1,0.00,,0.00,2.67
2103500010258,5.91,0.00,,,4.67
2103500010277,,,,,
2103500010281,7.61,23.81,19.05,,3.95
2103500010296,9.42,,21.43,,3.5
2103500010309,7.93,9.52,21.43,11.90,3.74
2103500010313,8.36,,15.15,9.09,2.97
2103500010328,0.00,,,,0.00
2103500020084,10.08,40.00,27.71,25.54,3.73
2103500020099,9.91,38.32,25.34,27.63,3.84
2103500020188,11.72,46.67,40.00,53.33,3.93
2103500020192,11.17,55.56,50.00,44.44,3.89
2103500020262,7.74,,20.00,0.00,3.4
2103600010058,7.35,13.70,21.00,10.50,3.9
2103600010077,5.41,4.55,9.09,3.41,4.67
2103700010040,7.66,15.87,24.87,22.75,3.14
2103700010055,7.89,19.91,39.81,19.91,3.16
2103800010048,7.65,17.77,36.05,9.40,4.45
2103800010052,8.24,23.29,34.19,11.75,4.41
2103800010067,7.84,20.42,44.83,14.85,4.38
2103800010071,9.18,,,0.00,3.75
2103800010086,6.82,10.71,46.43,,3.86
2103800010090,8.25,,50.00,,4.61
2103800010103,,,,,
2103900010030,9.34,17.26,30.96,22.19,3.38
2104000010046,8.52,16.94,37.21,12.96,4.04
2104000010050,8.02,8.85,33.63,8.85,4.02
2104000010065,8.42,17.07,35.19,16.03,4.19
210400001007A,,,,,
2104000020031,7.28,10.55,31.13,8.18,4.35
2104000020084,7.49,9.52,26.67,5.40,4.4
2104100010062,10.49,54.70,42.45,41.64,3.8
2104100010109,12.85,75.17,67.08,67.27,3.13
2104100010240,10.15,48.13,43.90,37.86,3.86
2104100010255,12.47,76.90,70.66,65.26,3.62
2104100010289,12.06,68.00,59.00,52.00,3.25
2104100010310,15.24,93.02,87.91,86.05,2.85
2104100040325,10.67,53.51,47.92,41.65,3.85
2104100080096,10.88,63.54,40.92,47.13,3.04
2104100080113,11.42,72.45,69.39,64.29,3.77
2104100080128,0.00,,,,0.00
2104100080132,10.31,48.16,42.01,43.44,3.52
2104100080147,10.48,60.89,45.23,45.78,3.93
2104100080151,12.56,74.07,63.62,67.79,2.8
2104100080202,10.72,53.76,39.96,46.76,3.35
2104100080217,9.98,54.85,42.82,40.05,4.07
2104100080221,10.17,58.20,40.47,42.35,3.83
2104100080236,11.08,67.13,43.96,52.42,3.32
2104100080274,0.00,,,,0.00
2104100120185,10.46,56.66,46.22,43.59,3.67
210410012019A,9.31,35.34,35.26,23.56,4.17
210410012026A,7.36,26.09,30.43,,4.43
2104100120293,11.95,63.92,50.66,52.58,3.22
2104100120397,8.71,23.81,52.38,23.81,4.33
210410013001A,11.51,68.62,62.65,56.68,3.58
210410027033A,10.6,58.08,31.72,44.65,3.12
2104100270344,10.42,47.88,25.32,29.95,3.2
2104100270359,11.2,49.56,29.86,39.15,2.8
2104100270363,10.72,54.04,24.50,34.41,3.07
2104100270378,11.26,63.91,33.51,44.87,3.03
2104100270382,11.58,62.52,34.07,44.92,2.93
2104100290058,12.73,66.57,53.99,56.17,2.9
210420001006A,7.58,10.98,26.67,5.10,3.76
2104200010074,7.03,4.71,22.35,4.12,3.33
2104300010048,10.31,36.49,26.55,33.14,3.38
2104300010052,10.2,27.42,19.86,29.31,3.43
2104300010067,10.38,35.18,24.87,27.14,3.41
2104300010086,10.4,53.85,23.08,38.46,4.46
2104300270071,8.69,11.81,10.50,17.30,4.08
2104400010045,10.01,42.18,46.94,25.17,3.66
210440001005A,8.83,38.34,37.42,16.26,4.14
2104400010153,9.64,100.00,,0.00,6
2104400200115,7.8,17.70,27.87,9.42,4.14
210440020012A,8.34,19.32,34.32,10.68,4.07
2104400310168,7.63,10.14,24.16,12.84,4.37
2104500010127,7.47,14.62,16.92,9.23,4.56
2104500010131,7.24,,26.67,,3.6
2104500010146,9.17,34.47,30.10,25.73,4.26
210450001017A,7.79,28.43,20.27,14.80,4.57
2104500010184,10.19,44.38,37.12,36.32,3.85
2104500010199,10.23,46.25,40.97,33.86,4
2104500010201,10.19,44.41,31.04,33.05,3.73
2104500010216,10.11,40.12,36.29,32.34,3.99
2104500010220,9.73,41.45,30.18,31.09,3.99
2104500010235,7.68,24.24,33.33,24.24,4.55
210450001024A,8.22,18.39,32.18,6.90,3.92
2104500010273,8.87,33.33,33.33,,5.17
2104500010288,8.06,22.22,14.81,18.52,3.81
2104500010292,6.2,,0.00,,3
2104500010305,10.83,,,0.00,3
210450001031A,9.7,,19.23,,3.62
2104500010324,,,,,
2104500170254,6.94,5.99,20.05,3.65,3.9
2104500170269,6.98,5.63,19.15,4.79,3.89
210460001004A,8.03,34.66,27.07,17.07,4.46
2104600010054,7.66,27.96,21.91,15.62,3.99
2104600010073,7.5,31.48,30.09,15.28,4.34
2104600010088,6.76,32.09,24.63,13.43,4.49
2104600010092,7.66,29.17,22.22,11.11,4.61
2104600010105,5.72,25.00,25.00,7.50,4
2104700010140,8.71,23.53,26.84,19.85,4.01
2104700010155,8.54,26.32,32.63,24.21,4.06
210470001016A,8.01,22.84,24.57,18.53,4
2104700010174,7.74,19.62,22.26,12.45,3.83
2104700010189,9.94,46.04,37.71,37.50,3.61
2104700010193,10.06,45.39,33.26,34.16,3.71
2104700010206,10.34,45.88,36.30,37.42,3.63
2104700010210,9.2,37.36,29.21,25.14,3.69
2104700010259,8.66,36.36,27.27,27.27,3.91
2104700010263,11.61,59.09,65.91,45.45,3.66
2104700010278,8.31,10.23,28.41,13.64,3.33
2104700010297,7.56,,,0.00,4.56
2104700990136,6.94,4.93,28.25,3.14,3.72
2104700990225,7.31,12.94,24.44,6.16,3.99
210470099023A,7.07,9.96,23.89,6.42,3.77
2104700990282,6.07,,20.27,5.41,3.32
2104800010044,8.65,38.89,37.04,22.22,4.8
2104800010059,8.93,31.76,28.24,17.65,4.85
2104800010063,8.1,19.64,28.57,7.14,4
2104800010078,8.9,61.49,33.78,14.19,4.33
210480001010A,9.57,40.60,33.33,25.64,4.36
2104800010114,9.57,43.96,31.11,22.62,4.49
2104800010129,9.15,44.12,17.65,14.71,3.94
2104800010133,8.68,33.85,20.77,18.46,4.34
2104800040186,7.99,19.25,45.99,12.83,4.88
2104800040190,8.38,32.75,52.75,14.95,4.7
2104800050152,8.93,34.37,35.77,18.82,4.36
2104800060025,7.27,27.02,46.21,12.75,4.06
2104800060082,5.47,12.00,36.00,0.00,3.12
2104800060097,7.62,30.12,40.96,14.46,4.19
2104900010018,5.91,3.10,16.87,4.82,3.97
2104900010037,4.6,,3.80,,4.13
2104900010041,4.84,,5.62,2.01,4.01
2104900010056,3.19,0.00,0.00,0.00,4.4
2104900010060,6.05,0.00,0.00,0.00,4.33
2105000010042,6.08,6.55,15.03,4.32,4.71
2105100010016,8.65,39.24,28.35,22.39,3.4
2105100010105,7.62,47.65,32.55,16.86,3.72
210510003011A,8.13,44.00,22.67,30.67,3.45
2105100030143,9.12,44.23,30.77,23.65,3.6
2105100030158,7.87,31.82,30.58,20.25,3.78
2105100030196,7.5,21.62,31.53,12.61,3.95
2105100030209,7.91,23.42,17.12,15.32,3.72
2105100030213,8.18,27.05,30.33,18.85,4.22
2105100030228,10.09,54.86,52.43,39.93,3.34
2105100030232,8.78,52.89,26.67,23.11,3.79
2105100030247,9.04,53.80,28.42,22.78,3.38
2105100030251,8.27,42.39,26.34,23.87,3.67
2105100030266,10.66,55.05,47.71,37.61,3.54
2105100030270,9.76,55.56,43.24,34.23,3.32
2105100030285,7.13,30.30,36.36,16.67,3.68
2105100120162,8.45,56.91,37.50,16.78,3.51
2105100120177,7.32,38.26,34.04,14.51,3.54
2105100120181,8.22,34.73,42.56,21.41,3.68
210510012029A,7.57,60.98,22.93,10.24,3.73
2105100120302,6.74,37.50,0.00,,3.75
2105200010032,6.49,15.13,9.24,7.56,3.1
2105200010047,6.2,26.21,5.83,2.91,3.07
2105200010051,6.35,20.25,7.98,12.27,3.25
2105300010190,9.03,28.31,42.17,25.90,4.05
2105300010218,9.83,35.17,54.24,32.20,3.97
2105300010222,10.42,39.84,52.99,40.24,3.65
2105300010256,10.54,54.34,49.90,46.44,3.49
2105300010260,9.64,40.82,43.55,29.88,3.78
2105300010275,10.62,49.84,50.32,42.79,3.38
210530001028A,10.04,37.68,38.70,32.99,3.63
2105300010294,8.07,19.61,40.90,16.81,3.93
2105300010307,9.5,38.90,46.72,32.77,4.03
2105300010311,8.29,13.89,43.06,19.44,4.17
2105300010330,8.47,21.83,39.44,17.61,4.06
2105300010345,8.65,17.97,40.55,20.74,3.91
210530001035A,9.48,34.04,59.57,19.15,3.81
2105300010364,8.59,26.32,52.63,21.05,4.58
2105300010379,8.63,23.30,51.46,23.30,3.64
2105300010383,6.6,12.73,21.82,7.27,3.91
2105300010398,8.31,21.26,36.22,14.57,3.83
2105300010400,8.29,23.27,45.98,17.45,4.13
2105300010415,9.18,32.69,46.63,29.09,3.72
210530001042A,8.32,22.04,44.08,15.70,3.98
2105300010434,,,,,
2105300010449,11.25,32.28,50.39,31.50,3.38
2105300010453,,,,,
2105300010504,8.9,22.71,45.41,14.49,3.71
2105300010519,12.78,51.22,60.98,53.66,3.44
2105300280010,7.97,22.71,43.96,14.65,3.94
2105300280152,7.05,12.05,36.39,6.27,4.01
2105300920468,7.65,14.29,43.75,9.82,4.13
2105300920472,8.72,19.57,53.62,18.84,3.71
2105300920487,9,18.90,59.84,16.54,4.06
2105300920491,8.56,16.56,43.56,18.10,3.91
2105400010060,7.41,16.08,14.86,12.30,4.75
2105400010075,7.58,16.98,14.62,13.68,4.26
210540001008A,7.4,14.96,14.96,14.57,4.54
2105400010094,9.64,35.37,30.92,31.81,3.82
2105400010107,8.44,32.69,19.04,23.42,4.13
2105400010111,8.33,90.91,36.36,45.45,4.27
2105400020145,7.05,8.55,15.34,5.31,4.81
210540002015A,7.12,6.19,14.75,10.03,4.42
2105400040022,6.44,7.11,8.59,6.67,4.6
2105400040183,9.16,18.75,43.75,43.75,3.69
2105400050126,6.71,7.15,13.26,7.96,4.83
2105400050130,8.26,0.00,41.67,,5
2105500010049,7.11,33.07,33.07,9.45,3.72
2105500010053,7.92,4.71,20.00,12.94,3.23
2105500010068,8.8,30.00,37.39,20.87,3.29
2105500010072,9.17,23.21,28.57,19.05,3.33
2105600010031,6.13,25.93,26.30,6.67,3.1
2105700010039,8.03,20.53,35.10,6.62,4.12
2105700010043,9.31,31.03,37.93,25.00,4.31
2105800010040,7.4,28.11,38.11,17.30,4.63
2105800010055,6.64,28.32,30.28,9.37,4.49
210580001006A,6.43,23.84,21.17,11.19,4.86
2105800010106,7.76,,,0.00,6.8
210580001013A,6.21,16.98,28.30,7.55,4.7
2105800070089,5.25,1.68,20.59,1.68,4.76
2105800070093,4.61,1.55,22.91,2.17,5.19
2105800070110,3.5,0.00,0.00,0.00,4.67
2105800070125,2.4,0.00,0.00,0.00,2.33
2105900010067,7.39,24.71,29.41,17.65,3.65
2105900010071,8.51,35.85,38.36,21.38,3.69
2105900010086,7.44,18.87,28.77,12.26,3.4
2105900010090,,,,,
2106000010015,7.69,33.21,34.10,15.78,4.29
2106000010034,7.03,29.26,27.13,9.04,4.56
2106000010049,7.56,32.24,30.42,10.75,4.23
2106100010031,5.9,2.60,4.49,1.89,4.1
2106200010024,8.17,34.80,26.96,19.61,3.66
2106200010039,8.32,33.33,28.40,20.99,3.69
2106200010043,7.57,25.38,28.46,11.54,3.32
2106300010074,9.34,34.22,33.22,27.57,3.69
2106300010089,8.07,26.07,28.93,16.79,4.18
2106300010093,7.99,35.00,29.00,22.00,4.33
2106300010106,9.74,40.35,44.74,30.70,4.07
2106300010110,8.26,28.10,34.44,19.03,3.79
2106300010125,8.29,24.71,32.85,13.95,4.39
210630001013A,,,,,
2106300010144,7.92,18.64,35.59,15.25,4.51
2106300010159,7.02,10.39,16.88,9.09,3.91
2106300010163,0.00,,,,0.00
2106300010178,7.79,24.14,20.69,9.20,4.59
2106300010182,9.61,28.40,44.44,28.40,4.16
2106300010197,9.82,20.37,46.30,22.22,3.89
210630001020A,8.08,18.18,40.91,18.18,4.18
2106400010067,9.53,23.15,33.23,16.62,3.07
2106400010071,8.78,18.99,32.66,18.73,3.35
2106400010086,9.36,40.00,32.96,19.26,3.34
2106400010090,8.4,42.22,25.56,11.67,3.47
2106400010103,8.64,16.28,34.88,11.63,3.33
2106400010118,7.96,20.00,18.75,7.50,3.68
2106500010064,5.23,,,0.00,5.42
2106500010079,9.5,0.00,,0.00,2.67
2106500010083,7.63,20.25,31.75,15.75,4.48
2106500010098,7.5,16.75,26.42,14.39,4.1
2106500030134,7.31,18.29,34.15,9.51,4.2
2106500030149,6.93,11.75,28.48,7.78,4.22
2106500060100,6.29,13.56,18.08,5.08,4.31
2106500060115,6.37,10.83,20.47,8.90,4.08
2106500070026,6.86,16.82,32.92,8.88,4.49
210650007012A,6.18,7.33,30.77,4.03,4.48
2106500070153,5.25,0.00,33.33,0.00,4.5
2106500070168,7.2,,37.50,0.00,4.75
2106600010042,7.47,12.38,30.29,9.45,3.26
2106600010057,6.85,7.46,32.09,4.48,3.44
2106600010061,6.78,8.29,25.39,3.63,3.32
2106600010076,7.87,,21.43,,4.64
2106600010080,6.44,15.69,27.45,7.84,3.65
2106600010095,5.39,,,0.00,3.67
2106700010092,6.71,10.14,24.15,9.66,4.01
2106700010105,8.3,36.32,35.81,18.67,4.04
210670001011A,7.74,32.76,39.89,15.38,4.22
2106700010124,8.69,34.56,40.67,24.46,3.66
2106700010139,8.06,27.41,38.32,21.18,4.6
2106700010143,8.3,25.98,36.25,20.24,3.71
2106700010158,7.6,18.58,29.72,11.46,3.94
2106700010162,8.19,30.90,38.19,17.49,4.14
2106700010177,7.51,22.53,34.13,11.95,4.36
2106700010181,7.51,18.75,43.75,25.00,4.25
2106800010028,7.26,33.44,12.93,10.09,3.19
2106900010097,7.77,39.62,38.52,18.03,3.92
210690001010A,7.39,33.11,31.80,20.83,3.98
2106900010114,8.47,37.50,37.50,37.50,3
2106900010133,7.39,0.00,,,4.27
2106900010148,6.75,0.00,,0.00,3.67
2106900030025,7.58,25.34,32.26,14.37,3.74
2106900250129,6.88,34.80,31.93,10.30,4.15
2107000010045,6.26,34.21,21.05,0.00,3.18
210700001005A,5.91,5.05,14.14,5.05,3.42
2107000010064,8.43,24.47,23.40,17.02,3.23
2107000010079,,,,,
2107000010083,0.00,,,,0.00
2107100010019,10.55,51.94,38.14,39.22,3.48
2107100010023,11.52,59.89,42.17,51.10,3.28
2107100010038,10.8,47.26,30.14,37.35,3.45
2107100010042,11.17,56.71,33.01,48.13,3.3
2107100010108,11.3,55.41,44.46,46.49,3.41
2107100010112,10.18,49.43,44.56,37.25,3.7
2107100010127,10.36,36.53,32.73,34.13,3.58
2107100010131,10.2,37.48,32.31,31.83,3.68
2107100010165,8.49,27.43,24.47,18.99,3.79
210710001017A,8.75,23.89,34.03,21.67,3.59
2107100010184,11.21,51.63,54.35,47.55,3.52
2107100010199,11.64,55.32,56.60,54.89,3.67
2107100010201,11.26,38.60,54.39,43.86,3.4
2107100010216,8.32,16.22,20.21,14.89,3.92
2107100010220,8.3,18.69,17.33,13.78,4.18
2107100010235,12.67,79.64,68.15,64.52,3.15
210710001024A,11.96,66.78,61.59,55.71,3.11
2107100010254,11.27,53.70,49.11,45.28,3.53
2107100010269,9.48,23.11,28.00,22.52,3.65
2107100010273,9.78,34.87,22.73,28.53,3.58
2107100010288,8.95,28.59,25.44,22.05,3.94
210710001031A,12.34,69.47,63.37,57.76,3.23
2107100010324,12.99,63.30,59.57,60.11,3.36
2107100010339,10.18,35.84,36.99,33.53,3.99
2107100010343,8.86,23.36,23.08,26.78,3.72
2107100010358,8.48,15.02,21.60,15.96,3.85
2107100010362,7.74,12.66,18.35,9.18,4.05
2107100010377,12.44,76.36,71.32,62.02,3.26
2107100010381,11.71,50.00,83.33,50.00,4.17
2107100010447,8.34,18.34,16.96,15.92,4
2107100010451,7.5,50.00,,,4.88
2107100010466,13.46,75.48,59.77,65.90,3.23
2107100010470,12.92,72.78,75.56,69.44,3.59
2107100010485,8.27,18.52,22.22,22.22,4.56
210710001049A,7.63,,16.67,16.67,4.17
2107100010502,8.36,0.00,0.00,0.00,4
2107100010517,7.77,16.47,14.12,12.94,4.21
2107100010521,8.22,9.09,12.73,0.00,3.96
2107100010536,9.39,23.08,38.46,38.46,4.15
2107100080409,7.43,9.51,19.75,7.53,3.84
2107100090413,7.48,27.08,15.72,18.23,3.95
2107100270292,7.99,18.59,21.29,11.34,3.77
2107100270305,7.85,15.24,26.29,12.38,3.77
2107100270396,,,,,
2107100380540,6.38,31.05,5.30,1.25,4.13
2107200010035,9.33,21.31,20.74,30.11,3.94
2107200010069,7.85,19.05,15.87,15.87,3.76
2107200010073,8.02,17.29,14.29,17.29,4
2107200010088,10.13,30.43,17.39,34.78,3.65
2107300010070,7.93,23.06,19.54,17.43,3.71
2107300010085,8.1,30.11,25.26,17.05,3.81
210730001009A,8.26,32.32,22.93,18.23,3.74
2107300010121,9.88,,30.00,,3.8
2107300110102,6.65,10.21,21.11,4.64,4.06
2107400010044,10.57,45.55,41.94,38.22,4.03
2107400010059,10.38,54.11,38.11,35.89,4.09
2107400010063,9.9,47.11,40.82,30.36,4.48
210740001010A,9.93,42.35,34.82,28.70,4.78
2107400010114,9.41,41.84,33.84,22.36,4.67
2107400010129,9.65,48.13,33.96,28.73,3.87
2107400010133,10.8,55.35,43.60,38.38,3.71
2107400010148,9.33,55.68,38.64,26.70,4.44
2107400010152,10.29,48.13,45.11,30.60,4.2
2107400010256,10.36,50.00,30.00,,5.1
2107400010275,9.44,39.23,44.62,26.92,4.5
2107400010294,7.72,24.49,32.65,16.33,4.14
2107400020186,6.91,31.72,52.10,6.96,4.75
2107400040307,9.76,36.16,40.77,27.53,4.29
2107400130241,7.79,21.49,32.30,9.65,4.89
210740024003A,8.31,19.49,38.99,11.25,4.15
2107400290025,9.44,42.39,34.62,23.06,4.44
2107400290167,9.48,48.05,41.23,24.35,4.59
2107400290171,0.00,,,,0.00
2107400290190,9.91,43.39,37.28,26.59,4.49
2107400290203,9.76,33.96,36.71,20.18,4.49
2107400290237,8.85,31.03,32.76,6.90,4.29
2107400290260,9.03,44.44,33.33,,5.33
210740029028A,,,,,
2107400950311,11.31,48.61,39.17,38.33,3.01
2107400950326,11.27,48.51,42.57,40.59,3.29
2107400950330,11.7,60.11,38.98,41.89,2.96
2107400950345,11.07,71.14,34.83,36.98,3.14
210740095035A,12.21,61.08,53.35,52.32,3
2107400950364,12.58,77.36,64.15,68.87,3.15
2107400950379,11.86,44.74,35.14,47.15,2.74
2107400950383,11.29,54.14,32.43,39.86,3.06
2107401150398,9.81,48.09,25.05,20.51,3.2
2107401150400,9.66,52.89,23.65,29.80,3.22
2107401150415,9.75,41.31,25.36,23.65,3.13
2107500010041,7.4,1.24,4.15,1.24,4.08
2107500010056,8.19,7.97,8.74,8.10,3.94
2107500010060,8.97,14.38,12.47,17.56,3.78
2107600010068,8.79,32.81,27.85,25.58,3.5
2107600010087,7.25,13.75,17.10,10.04,3.57
2107700010031,6.41,26.00,7.80,7.40,3.87
2107800010024,5.65,35.37,4.70,3.28,4.16
210780005001A,5.02,18.05,0.90,0.75,4.54
2107900010036,8.34,13.23,29.47,10.67,3.43
2107900010040,8.32,20.51,29.37,10.13,3.62
2108000010022,6.32,4.38,3.35,8.51,3.84
2108100010091,6.53,6.76,23.65,8.11,3.45
2108100010104,7.53,6.73,27.88,6.73,3.29
2108100010119,6.88,8.16,11.22,,4.22
2108100010123,7.24,,20.00,11.11,3.82
2108200010031,10.17,35.38,35.75,30.91,3.73
2108200010046,8.98,28.38,24.46,21.33,3.53
2108200010050,9.9,36.00,37.43,31.71,3.39
2108200010065,13.69,66.67,65.15,53.03,3.08
2108300010077,10.43,28.43,38.24,25.49,3.83
2108400010036,6.61,20.82,8.55,10.41,4
2108500010014,10.39,53.67,30.57,36.14,3.45
2108500010029,11.6,62.85,35.36,49.17,3.11
2108500010052,9.76,48.57,31.75,35.45,3.75
2108500010211,9.03,41.13,25.53,27.12,3.94
2108500010226,9.51,46.35,34.55,33.22,3.92
2108500010230,10.64,42.28,45.37,37.29,3.54
2108500010245,9.32,36.65,29.81,30.43,4.3
210850001025A,9.7,42.97,40.88,30.84,4.16
2108500010264,8.41,34.50,31.25,22.50,4.23
2108500010279,9.04,41.45,36.84,31.58,3.76
2108500010298,7.96,16.75,34.03,9.42,4.26
2108500010300,9.08,30.71,39.64,25.71,4.36
2108500010349,10.4,47.73,41.82,45.91,3.58
2108500010353,10.77,45.42,45.42,42.37,3.62
2108500010419,13.25,76.00,65.00,53.00,3.43
2108500010423,8.95,40.73,31.85,23.75,3.66
2108500010438,10.76,60.59,40.59,43.95,3.65
2108500010442,8.58,41.70,22.04,27.62,3.91
2108500010457,8.86,44.60,27.50,33.01,3.9
2108500010508,13.35,63.75,48.75,66.25,3.03
2108500010512,6.08,15.00,15.00,,4.43
2108500010584,8.23,36.94,27.90,19.84,4.08
2108500010599,9.14,25.45,34.95,24.85,3.52
2108500010601,6.89,0.00,36.84,0.00,3.95
2108500010616,12.22,43.48,56.52,47.83,3.04
2108500010620,8.67,,33.33,,3.25
2108500080122,9.05,43.25,37.25,28.14,3.57
2108500080334,8.94,39.24,24.05,26.58,3.91
2108500080527,8.75,26.67,40.00,,3.4
2108500150033,6.25,6.50,18.27,4.95,4.2
2108500150118,6.65,7.59,19.11,4.19,3.78
2108500160372,7.17,15.62,19.38,11.88,3.83
2108500160391,8.81,35.02,38.25,27.19,3.73
2108500160461,8.51,42.76,35.96,26.54,3.66
2108500160476,8.53,41.11,39.13,24.11,3.89
2108500220550,8.19,31.65,26.74,19.10,3.73
2108500280368,7.83,26.45,27.27,17.36,3.93
2108500280480,8.42,32.01,34.59,20.87,3.89
2108500280495,8.62,41.21,34.49,27.33,3.9
2108500330565,8.02,39.35,28.52,20.49,3.73
210850033057A,4.1,,,0.00,2.5
210860001005A,6.47,39.13,8.70,5.43,3.21
2108700010095,6.55,7.38,11.50,6.94,3.95
2108700010108,6.31,4.78,12.68,4.41,3.82
2108700010112,6.32,3.94,22.83,6.30,4.43
2108700010127,6.83,5.08,16.95,5.08,4.95
2108700010131,5.33,0.00,0.00,0.00,3.48
2108700010146,5.65,7.49,11.24,1.44,3.95
2108700010150,6.36,8.97,18.21,8.71,4.05
2108700010165,,,,,
210880001004A,7.69,12.30,12.62,9.39,3.09
2108900010051,5.47,6.07,6.48,5.67,3.78
2108900010066,4.41,,,,3.76
2108900010070,5.07,5.08,0.00,,4.73
2108900040085,7.15,8.38,5.87,8.10,3.83
210890004009A,7.01,6.80,6.80,10.66,3.76
2109000010118,9.5,43.74,40.56,33.20,4.45
2109000010122,9.01,51.84,40.41,28.16,4.31
2109000010156,8.76,,30.00,30.00,4.5
2109000050048,8.54,24.00,39.00,15.00,4.3
2109000050067,10.69,59.79,44.23,42.93,3.7
2109000050071,11.64,60.45,53.66,54.46,3.24
2109000050137,8.92,30.18,37.78,19.30,4.15
2109000050141,8.56,32.77,37.19,17.35,4.37
2109000050160,8.21,20.00,40.91,11.82,4.65
210910001005A,9.97,40.65,40.65,36.26,3.62
2109100010064,9.8,48.09,35.99,34.87,3.52
2109100010079,10.15,54.11,44.69,40.48,3.26
2109100010083,10.44,61.06,44.76,37.94,3.33
2109100010098,8.95,71.43,71.43,42.86,3.86
2109100010100,10.81,62.50,50.00,37.50,4.25
2109100010115,9.86,41.67,43.75,43.75,3.44
210910001012A,8.78,40.43,31.91,27.66,3.62
2109200010076,5.62,14.23,23.97,5.62,3.65
2109200010080,5.76,12.50,14.45,4.30,3.33
2109300010054,7.28,10.68,34.19,7.26,3.55
2109400010085,9.56,35.66,35.28,25.09,4.1
210940001009A,8.93,28.27,38.29,18.90,4.24
2109400010102,8.72,34.23,35.38,17.69,4.02
2109400010117,9.22,60.34,43.10,24.14,3.81
2109400010121,9.41,35.73,39.06,25.48,3.93
2109400010136,10.54,47.34,46.19,36.12,3.82
2109400010140,9.73,38.31,36.94,30.45,4.01
2109400010155,9.38,47.36,36.30,22.36,4.09
210940001016A,10.3,59.52,39.56,28.75,3.94
2109400010174,8.85,12.20,36.59,12.20,3.83
2109400010189,9.69,40.00,55.00,40.00,4.4
2109400010193,11.18,50.88,56.14,38.60,4.04
2109400010206,10.66,35.29,41.18,17.65,3.29
2109400010210,9.29,,42.86,,5.86
2109400010225,9.58,50.00,75.00,50.00,3.92
2109500010025,8.89,17.26,42.26,6.55,3.85
2109600010037,8.34,46.50,30.86,9.05,4.19
2109600010041,9.79,26.71,37.89,22.98,3.57
2109700010049,9.4,36.75,44.44,25.64,4.03
2109700010053,9.54,29.82,38.60,22.81,4.42
2109700010068,9.53,44.74,51.32,24.34,4.77
2109700010072,9.32,32.97,46.15,26.37,3.93
2109700010087,0.00,,,,0.00
2109800010031,9.02,33.72,38.57,21.25,3.66
2109800010050,8.32,38.78,38.78,12.24,3.33
2109800010065,8.25,0.00,,0.00,3
2109900010128,6.97,15.34,35.58,9.61,3.92
2109900010132,7,21.97,36.72,21.31,3.83
2109900010147,7.38,24.56,34.04,15.09,3.92
2109900010151,6.17,0.00,,0.00,1.88
2109900130081,6.28,10.66,25.85,9.07,4.06
2109900130096,6.17,12.95,26.34,12.50,4.04
2109900130109,6.15,9.83,28.32,6.94,4.18
2109900130113,5.41,5.33,18.03,4.51,3.96
2110000010027,7.42,12.50,18.06,6.25,3.94
2110000010031,7.32,6.29,17.14,2.29,4.37
2110000010046,6.63,8.96,,0.00,4.06
2110100010039,6.96,7.64,7.64,5.10,3.17
2110100010043,8.06,15.64,20.11,12.85,3.49
2110200010036,8.38,33.54,44.30,15.82,4.17
2110200010040,7.93,19.12,36.76,10.29,4.74
2110200010055,7.86,26.63,34.57,14.08,4.21
211020001006A,7.75,52.78,39.27,14.64,4.51
2110200010074,7.45,38.68,37.44,13.79,4.65
2110200010089,8.28,30.00,48.89,14.44,4.83
2110200010093,8.74,28.57,35.71,21.43,4.21
2110200010106,7.42,42.50,38.75,13.75,4.43
2110300010090,7.54,31.75,38.89,11.90,3.69
2110300010103,6.6,25.83,33.33,2.50,3.93
2110300010118,6.93,,0.00,0.00,4.2
2110300030071,6.4,24.22,20.44,9.33,4.44
2110300030086,7.6,28.82,26.89,14.94,4.46
2110400010115,9.06,45.83,37.50,16.67,4.1
211040001012A,9.83,34.09,22.73,22.73,4.23
2110400010134,8.48,30.59,29.41,10.59,4.53
2110400010149,7.34,24.14,27.59,10.34,3.93
2110400010153,9.05,42.95,28.85,22.01,4.3
2110400010168,9.73,48.48,31.52,24.55,4.33
2110400010187,8.19,35.80,25.68,16.79,4.54
2110400010191,8.88,39.07,31.79,21.85,4.42
2110400010204,8.76,44.44,33.33,0.00,5
2110400010219,10.16,,23.53,29.41,3.82
2110400010223,6.83,28.57,19.05,,4.48
2110400110172,6.07,32.02,20.92,2.34,4.98
2110400190083,7.71,31.73,24.09,6.48,4.48
2110400190098,7.18,8.67,23.99,5.58,4.71
2110400190100,6.65,8.92,20.37,6.18,4.68
2110500010038,8.68,26.60,40.43,26.60,3.66
2110500010042,7.96,29.19,31.35,19.46,3.7
2110600010069,7.76,23.76,31.95,12.55,4.42
2110600010073,7.57,22.18,27.11,9.86,4.65
2110600010124,7.02,9.20,13.79,,4.17
2110600010158,7.8,12.12,24.24,12.12,4.7
2110600030139,6.02,17.43,23.98,6.18,4.65
2110600030143,5.63,15.81,26.07,5.34,4.63
2110600030162,5.81,,30.43,0.00,4.39
2110600060088,7.7,17.61,32.22,8.59,4.38
2110600080105,8.65,37.41,41.80,17.55,4.06
211060008011A,8.34,43.73,38.24,22.89,4.38
2110600420016,14.89,97.45,96.94,92.35,3.21
2110600420035,14.3,92.42,93.18,90.91,3
2110600420177,13.46,82.76,86.55,80.69,3.4
2110600420181,15.02,98.88,98.03,94.94,3.14
2110600420196,15.01,95.52,96.69,90.06,2.95
2110600420209,14.98,91.42,93.73,83.50,2.93
2110600420213,14.97,93.70,94.49,85.83,3.44
2110600420228,14.95,95.06,94.48,90.99,2.98
2110600420232,14.74,94.70,92.72,91.39,3.43
2110600420247,13.64,89.61,88.31,81.82,3.83
2110600420251,13.33,88.41,89.86,88.41,3.54
2110600420266,14.43,93.02,93.02,87.60,3.17
2110600420270,14.91,98.31,97.46,94.07,3.31
2110600420285,15.08,96.65,94.41,91.06,2.8
211060042029A,15.5,100.00,85.71,100.00,2.43
2110600420302,15.39,94.64,98.21,94.64,3.04
2110600420317,13.71,100.00,100.00,50.00,2.5
2110600420321,15.19,97.72,96.35,92.24,3.05
2110600420336,15.18,96.77,96.77,90.32,3.06
2110600420340,15.36,93.67,94.94,91.14,2.96
2110600420355,,,,,
2110700010047,6.96,20.98,12.13,18.03,3.67
2110700010051,5.17,8.22,2.74,6.39,3.62
2110700010066,5.23,,0.00,5.56,3.48
2110800010010,9.31,47.59,27.65,24.12,3.84
211080001003A,9.34,43.93,31.43,26.79,4.31
2110800010044,8.49,35.23,27.05,18.15,4.45
2110800010059,10.12,41.03,35.90,29.23,3.54
2110800010063,9.56,44.34,38.46,30.77,3.81
2110800010078,10.26,48.59,28.25,38.98,3.79
2110800010082,9.83,34.78,33.60,26.48,4.18
2110800010097,8.31,23.29,20.55,11.99,4.36
2110800010148,9.5,41.56,28.57,26.62,4.15
2110800010152,10.45,61.82,38.18,39.09,4.31
2110800010167,8.8,25.29,30.59,20.00,4.22
2110800010171,7.96,22.50,22.50,15.00,4.38
2110800010186,10.72,41.67,41.67,,3.25
2110800010190,7.89,,,0.00,4.33
2110800010203,6.58,,,0.00,4.14
2110800010218,9,31.03,24.14,24.14,4.38
2110900010018,11.58,42.14,38.57,46.43,3.46
2110900010056,8.74,29.61,19.74,15.13,3.61
2110900010060,8.63,9.78,16.76,15.92,3.41
211090001008A,7.57,8.33,12.50,10.42,4.04
2110900010094,7.14,3.26,10.87,8.70,3.61
2110900140075,6.34,3.66,8.12,3.40,4.43
2111000010220,7.56,21.43,26.95,9.09,4.04
2111000010235,8.7,31.85,38.01,22.26,3.97
211100001024A,7.81,47.53,32.21,15.32,4.26
2111000010254,8,26.69,24.54,15.34,4.11
2111000020019,6.19,10.44,23.84,1.69,4.46
2111000040146,7.85,18.68,23.44,12.13,4.07
2111000040305,7.42,15.07,21.92,9.59,3.92
2111000040409,7.62,19.15,15.96,4.26,4.33
2111000040413,8.5,24.07,26.07,16.33,4.03
2111000040428,7.64,10.62,20.38,8.07,4.07
2111000040447,7.47,0.00,33.33,,3.87
211100004049A,7.72,0.00,,0.00,3.57
2111000040502,7.34,9.76,26.83,9.76,4.41
2111000050165,6.67,7.01,21.34,4.88,3.94
211100005017A,6.67,7.98,28.17,5.16,4.21
211100005031A,8.35,,30.00,,4.3
2111000050339,6.73,0.00,,,4.75
2111000050343,6.56,23.53,29.41,,4.12
2111000050358,7.11,8.70,26.09,,4.78
2111000050432,6.75,0.00,,0.00,3.27
2111000050470,6.5,0.00,25.00,0.00,4.08
2111000110517,6.66,9.12,42.46,4.56,4.11
2111000110521,7.03,14.01,38.54,8.92,4.06
2111000110536,6.26,11.33,45.32,12.32,4.14
2111000130362,5.37,14.20,23.30,6.25,4.09
2111000130377,6.15,30.26,17.76,3.29,4.18
2111000130381,7.17,25.74,28.27,8.02,4
2111000130396,5.5,6.43,12.05,2.01,4.33
2111000230127,6.69,,40.00,,4.9
2111000230131,6.06,0.00,,,3.22
2111000230269,5.25,6.02,29.36,4.05,4.4
2111000230273,6.04,7.34,28.11,5.51,4.18
2111000230288,7.39,11.21,36.32,8.52,3.94
2111000230292,6.48,5.11,26.89,3.60,4.38
2111000230485,,,,,
2111100010088,7.21,13.89,11.76,7.84,3.31
2111100190105,8.65,23.74,24.84,14.73,3.37
211110019011A,8.65,28.23,25.12,16.51,3.43
2111200010051,6.78,9.30,20.93,6.98,3.3
2111200010066,7.73,21.18,22.78,10.48,3.45
2111200010070,8.88,27.13,35.63,23.89,3.52
2111200010085,7.63,,23.33,10.00,3.47
211120001009A,8.12,,22.22,,4
2111300010063,9,43.56,44.79,27.61,3.06
2111300010078,7.78,25.21,33.61,14.29,3.53
2111400010126,11.98,69.80,51.15,56.84,3.51
2111400010130,11.55,82.11,39.30,52.84,3.27
2111400010198,11.49,64.86,42.77,50.04,3.41
2111400010338,10.96,68.55,40.16,45.70,3.76
2111400010361,13.69,82.08,68.10,73.66,2.62
2111400010376,12.22,71.38,46.61,55.91,3.12
2111400010380,12.46,74.18,42.45,60.20,3.09
2111400010395,11.39,62.75,32.72,47.45,3.21
2111400010408,11.49,60.26,19.23,49.75,3
2111400010412,10.97,59.25,16.56,49.68,2.76
2111400010431,11.95,64.37,36.50,51.13,3.09
2111400010446,11.5,65.36,42.31,50.59,3.44
2111400010450,10.84,66.57,34.99,44.24,3.64
2111400010499,12.97,74.85,45.29,61.18,2.87
2111400010501,12.72,71.01,28.91,62.81,2.92
2111400010516,11.74,63.38,27.04,48.67,3.06
2111400010520,12.68,74.05,49.19,58.64,3.16
211140001054A,11.05,64.21,36.56,49.12,3.83
2111400010588,13.86,79.30,40.77,72.44,2.73
2111400010624,11.95,70.77,42.17,57.98,3.28
2111400010658,14.26,87.92,70.40,81.09,2.35
2111400010662,14.53,76.71,74.53,68.94,2.37
2111400010677,14.43,79.95,69.55,73.76,2.65
2111400010696,13.45,79.50,64.36,68.14,3.06
2111400010728,13.05,79.18,63.81,69.08,3.25
2111400010732,14.56,88.05,73.99,79.89,2.37
2111400010747,12.94,78.98,57.39,66.02,3.03
2111400010751,11.65,68.94,42.67,53.77,3.34
2111400010766,12,71.13,46.46,54.92,3.42
2111400010785,12.64,76.17,59.60,62.28,3.29
211140001079A,14.54,87.50,77.16,76.62,2.68
2111400010802,14.03,87.47,71.22,78.58,2.88
2111400010817,13.93,83.30,65.73,72.15,2.91
2111400010821,13.67,82.94,67.31,68.86,2.95
2111400010836,11.58,67.30,42.09,53.84,3.65
211140001086A,13.59,80.82,59.70,70.98,2.9
2111400011105,10.1,59.67,40.95,41.98,4.09
2111400011177,14.6,91.69,82.58,82.05,2.71
2111400011389,11.16,58.96,39.97,40.24,3.59
2111400011393,13,79.76,50.18,68.29,2.79
2111400011406,14.58,88.90,82.97,79.68,2.9
2111400011425,14.12,89.42,73.24,78.49,2.95
211140001150A,11.42,63.24,39.62,49.51,3.49
2111400011514,14.38,86.44,77.68,79.14,2.76
2111400011533,9.64,51.43,36.79,35.88,4.28
2111400011548,9.85,54.70,42.33,41.81,3.96
2111400011552,12.46,86.65,71.35,75.44,3.2
2111400011567,12.23,83.26,68.06,70.26,3.29
2111400011571,10.3,56.87,44.52,40.17,3.69
2111400011603,9.74,53.69,32.82,29.87,3.98
2111400011641,10.33,60.52,40.57,38.93,3.96
2111400011675,10,54.04,36.35,38.11,4.01
2111400011711,11.99,68.82,40.63,53.70,3.24
2111400011764,13.1,83.33,76.67,84.44,3.84
2111400011779,13.47,84.95,66.35,75.18,2.95
2111400011798,12.2,74.52,41.51,56.18,3.45
2111400011853,14.79,94.70,90.84,87.23,2.78
2111400011872,13.35,85.74,54.60,67.17,3.01
2111400011904,11.09,68.67,47.56,50.00,3.87
2111400011923,11.27,59.54,25.94,43.64,3.04
2111400011938,9.73,43.34,21.67,27.58,3.41
2111400011942,9.66,55.56,37.47,32.93,3.96
2111400011957,9.31,51.27,37.82,30.30,4.03
2111400011961,9.58,52.02,39.10,32.56,4.06
2111400011976,10.41,62.41,42.55,41.84,3.79
2111400011980,11.03,54.15,21.96,38.87,3.13
2111400011995,10.73,58.37,17.15,41.22,2.99
2111400012029,9.27,28.11,27.22,19.82,3.75
2111400012033,10.82,59.95,41.41,43.17,3.72
2111400012048,10.94,64.49,28.29,41.61,3.56
2111400012052,11.01,70.88,33.45,49.60,3.7
2111400012067,10.95,67.36,33.75,53.06,3.66
2111400012071,11.25,67.51,32.03,53.92,3.73
2111400012086,10.86,66.63,21.93,48.51,3.75
2111400012090,10.68,64.72,33.61,50.52,3.74
2111400012103,11.17,72.86,36.19,53.06,3.7
2111400012118,11.15,69.51,40.85,49.09,3.72
2111400012122,10.97,66.43,29.64,44.29,3.5
2111400012141,10.63,63.14,37.95,44.95,3.82
2111400012156,9.68,42.25,27.97,31.59,3.81
2111400012160,12.61,79.85,57.37,61.79,3.48
2111400012194,11.9,68.06,43.75,50.23,3.41
2111400012207,11.56,71.01,39.79,56.10,3.46
2111400012211,10.33,52.94,35.81,34.53,3.63
2111400012226,10.73,66.42,47.41,52.10,3.69
2111400012230,11.4,77.38,49.23,66.46,3.62
2111400012245,12.32,75.75,49.40,57.49,3.46
211140001225A,10.6,61.90,30.67,44.57,3.47
2111400012264,11.58,68.15,41.08,55.72,3.41
2111400012279,13.7,82.59,68.28,70.60,3.34
2111400012283,13.52,79.03,55.24,65.54,2.89
2111400012298,14.02,83.04,61.46,73.07,2.81
2111400012315,14.43,87.13,78.12,81.62,2.68
211140001232A,14.14,85.02,71.98,75.36,2.81
2111400012334,10.39,58.21,33.71,38.75,3.66
2111400012349,9.53,47.73,28.53,32.44,4.1
2111400012353,10.19,59.56,40.05,44.99,3.8
2111400012368,10.41,70.44,30.39,43.85,3.71
2111400012372,10.45,64.29,23.89,43.03,3.76
2111400012387,10.52,63.04,26.30,41.86,3.62
2111400012404,11.36,66.63,44.91,48.21,3.34
2111400012419,11.44,73.02,43.25,53.31,3.63
2111400012423,11.83,69.06,47.90,55.84,3.22
2111400012438,12.32,77.03,53.09,64.58,3.21
2111400012442,11.46,69.55,49.66,53.18,3.73
2111400012457,14.18,76.43,65.12,69.17,2.8
2111400012461,13.85,84.76,64.26,76.87,2.58
2111400012476,14.81,93.43,88.18,85.71,2.81
2111400012480,14.04,84.71,68.00,70.12,2.44
2111400012495,12.94,75.92,48.16,62.46,2.81
2111400012508,13.58,75.94,62.41,66.92,2.79
2111400012512,14.5,85.50,70.41,76.33,2.57
2111400012546,11.02,63.86,49.05,48.04,3.74
2111400012550,12.24,77.11,63.64,63.79,3.54
2111400012565,10.72,58.23,35.07,42.75,3.57
211140001257A,10.41,65.17,34.06,43.83,3.65
2111400012584,9.44,47.55,24.72,27.05,4.17
2111400012601,10.37,64.20,43.20,42.26,3.78
2111400012620,13.51,86.33,46.22,75.00,2.85
2111400012635,13.99,87.81,70.59,75.63,2.94
211140001264A,12.39,76.28,53.23,60.39,3.41
2111400012654,12.34,75.20,52.93,61.08,3.69
2111400012669,11.62,70.15,55.02,52.55,3.72
2111400012673,10.09,46.09,44.53,34.18,3.85
2111400012688,9.46,34.97,31.88,22.39,3.87
2111400012705,10.62,68.24,45.16,41.44,3.52
2111400012762,9.32,44.03,33.33,26.67,4.52
2111400012777,8.92,39.21,31.07,22.56,3.92
2111400012781,9.27,44.78,33.10,27.96,3.9
2111400012809,9.98,54.43,46.00,39.86,3.67
2111400012828,12.49,80.17,60.62,67.87,3.56
2111400012832,9.1,39.01,30.43,24.72,4.08
2111400012847,9.61,45.13,40.51,32.82,3.98
2111400012851,9.65,49.20,38.18,32.66,3.82
2111400012866,9.45,39.04,28.34,35.29,4.25
2111400012870,10.07,53.04,39.78,39.62,3.84
2111400012885,14.07,96.81,100.00,97.87,3.52
211140001289A,14.89,93.21,91.88,87.98,3.21
2111400012902,13.02,76.57,62.74,69.10,3.15
2111400012917,11.99,72.47,46.86,58.55,3.46
2111400013008,0.00,,,,0.00
2111400013050,14.04,86.81,72.56,79.81,2.89
2111400013065,12.45,78.93,71.47,66.13,3.46
2111400013084,14.01,89.71,81.87,84.95,3.23
2111400013099,14.8,95.28,92.20,88.50,3.1
2111400013101,11.55,72.41,55.17,41.38,4.02
2111400013116,11.3,67.64,52.12,54.79,3.56
2111400013120,10.07,46.59,39.61,33.44,3.59
2111400013135,9.83,39.29,52.86,37.86,3.99
211140001314A,9,34.62,35.80,24.26,4.12
2111400013154,9.29,41.00,41.00,24.25,3.96
2111400013192,9.69,37.17,37.17,26.18,3.68
211140001321A,13.98,85.70,74.65,74.21,2.83
2111400013224,8.4,31.69,32.79,20.22,4.37
2111400013296,11.44,66.10,47.63,53.01,3.55
2111400013309,10.82,61.93,40.16,42.42,3.99
2111400013313,10.14,51.48,32.14,39.41,3.96
2111400013328,10.18,58.77,36.54,38.34,3.84
2111400013332,11.01,64.95,43.98,47.96,3.72
2111400013347,12.85,80.60,65.95,68.23,3.28
2111400013351,10.59,62.28,43.62,46.05,3.86
2111400013366,11.72,65.47,53.23,55.43,3.75
2111400013370,11.23,59.78,37.99,46.76,3.43
2111400013385,11.29,67.18,42.27,54.64,3.6
211140001339A,11.84,71.57,46.08,54.90,3.33
2111400013402,13.29,83.38,71.26,72.81,3.31
2111400013417,10.35,78.33,33.11,36.00,3.79
2111400013421,10.19,72.70,38.61,37.44,4.06
2111400013436,12.78,81.07,61.42,62.57,3.21
2111400013440,13.09,77.57,63.23,61.41,3.2
2111400013455,11.47,67.68,47.57,52.19,3.46
211140001346A,11.62,68.87,47.93,54.27,3.33
2111400013474,11.56,68.42,48.07,57.62,3.5
2111400013489,12.99,75.52,56.21,65.37,3.12
2111400013493,11.33,60.10,32.35,43.71,3.28
2111400013506,11.73,85.08,44.76,57.40,3.4
2111400013510,10.58,53.10,28.78,35.53,3.54
2111400013525,11.59,60.25,34.82,46.68,3.23
211140001353A,11.24,64.10,38.61,49.32,3.65
2111400013544,11.13,64.57,36.32,47.89,3.53
2111400013559,13.95,84.04,74.70,72.93,3.15
2111400013563,13.61,87.22,78.11,75.83,3.05
2111400013578,11.9,59.60,37.70,49.77,2.95
2111400013582,10.83,56.49,28.91,42.46,3.4
2111400013597,11.52,66.94,55.15,53.99,3.34
211140001360A,11.72,71.19,48.06,58.23,3.52
2111400013614,10.9,54.87,25.44,44.69,2.96
2111400013629,12.65,71.36,34.52,62.69,2.66
2111400013633,13.34,81.49,68.72,68.94,3.5
2111400013648,12.19,73.56,55.81,58.11,3.31
2111400013652,13.62,83.47,62.88,72.77,2.69
2111400013667,11.12,62.82,45.29,46.82,3.62
2111400013671,10.24,59.58,37.80,40.10,3.92
2111400013686,10.35,66.84,36.62,37.28,3.88
2111400013690,12.17,73.46,56.84,62.73,3.08
2111400013703,12.4,77.74,58.43,62.43,3.3
2111400013718,12.4,73.22,41.10,61.33,3.11
2111400013722,12.6,77.91,35.73,61.82,2.95
2111400013737,13.74,78.32,44.48,69.73,2.74
2111400013741,13.67,77.57,40.93,68.14,2.71
2111400013756,14.35,84.64,58.26,71.79,2.71
2111400013760,13.62,78.77,38.03,72.51,2.57
2111400013775,12.89,70.89,46.93,60.73,2.97
211140001378A,12.7,71.03,40.59,62.34,3.1
2111400013794,14.82,92.26,76.54,84.05,2.77
2111400013807,14.94,88.52,78.15,82.46,2.66
2111400013811,11.66,68.26,49.05,58.13,3.51
2111400013826,11.83,73.12,46.97,55.08,3.44
2111400013830,10.46,53.65,26.45,38.20,3.65
2111400013845,11.7,58.41,35.88,46.28,2.92
211140001385A,12.44,73.29,58.04,59.24,3.27
2111400013864,13.18,78.77,61.41,67.75,2.93
2111400013879,12.7,75.81,54.79,67.54,2.99
2111400013883,11.55,70.80,49.59,54.44,3.59
2111400013898,12.91,89.21,58.68,67.62,3.27
2111400013900,12.19,71.88,53.91,58.85,3.15
2111400013915,11.84,70.83,48.09,58.51,3.37
211140001392A,11.21,67.98,52.98,54.29,3.38
2111400013934,11.34,70.73,59.91,57.40,3.43
2111400013949,14.66,94.59,93.16,90.07,2.92
2111400013953,10.45,55.56,35.98,41.10,3.78
2111400013968,9.89,55.69,35.09,36.13,4.13
2111400013972,13.17,82.36,66.62,67.64,3.27
2111400013987,11.14,68.21,45.77,51.15,3.62
2111400013991,14.64,93.93,91.70,87.45,3
2111400014006,14.91,93.24,89.69,84.77,2.91
2111400014010,14.78,88.56,83.51,83.91,2.84
2111400014025,9.82,53.25,36.15,35.50,3.92
211140001403A,8.57,61.46,37.66,39.42,4.06
2111400014044,10.06,57.23,43.78,37.15,4.13
2111400014059,11.38,75.75,30.82,49.59,3.18
2111400014063,11.11,66.23,27.18,45.57,3.31
2111400014078,12.25,85.78,50.98,54.17,3.13
2111400014082,11.57,73.11,41.51,52.22,3.23
2111400014097,10.19,60.73,40.00,40.88,4.31
211140001410A,10.99,70.80,22.71,44.57,3.58
2111400014114,11.21,67.18,23.29,52.47,3.57
2111400014129,11,70.87,25.83,46.31,3.65
2111400014133,11.55,68.21,41.86,52.83,3.48
2111400014148,10.87,63.74,21.90,48.26,3.39
2111400014152,11.25,68.25,26.58,48.85,3.54
2111400014167,10.95,64.33,27.99,49.39,3.62
2111400014171,11.22,70.24,28.75,48.41,3.54
2111400014186,10.54,60.00,44.50,43.24,3.69
2111400014190,13.19,81.48,69.71,71.19,3.29
2111400014203,13.33,79.00,61.95,68.34,3.25
2111400014218,11.79,72.35,54.26,58.09,3.74
2111400014222,13.88,83.21,52.71,71.76,2.59
2111400014237,13.99,84.48,67.40,71.00,3.09
2111400014241,11.92,67.93,45.73,55.60,3.35
2111400014256,11.08,60.45,33.73,47.61,3.32
2111400014260,10.02,43.85,38.73,29.80,3.84
2111400014275,10.59,47.56,39.42,40.87,3.76
211140001428A,11.32,79.08,51.40,53.80,3.49
2111400014294,10.91,72.66,50.27,54.12,3.64
2111400014307,10.81,63.32,33.65,48.01,3.98
2111400014311,9.8,57.49,33.87,38.29,4.07
2111400014326,9.8,59.52,30.83,41.20,4.38
2111400014330,11.43,69.00,50.85,54.00,3.4
2111400014345,8.97,45.30,30.09,26.18,4.12
211140001435A,8.91,39.54,23.31,23.53,4.13
2111400014364,8.53,39.44,21.88,16.53,3.92
2111400014379,9.72,64.14,32.40,32.93,4.35
2111400014383,9.2,45.15,34.43,29.54,4.28
2111400014400,9.42,49.11,33.81,29.84,4.11
2111400014415,9.67,54.62,36.79,32.21,4.03
211140001442A,10.31,55.50,40.29,40.14,3.98
2111400014434,9.28,51.49,34.76,31.47,4.21
2111400014449,8.99,50.00,33.33,30.56,4.3
2111400014453,9.84,56.00,37.33,36.91,4.23
2111400014468,10.46,58.06,38.70,40.66,3.91
2111400014472,11.44,68.75,35.03,51.50,3.39
2111400014491,9.52,52.25,36.52,35.00,4.18
2111400014504,9.42,50.06,36.18,31.08,4.13
2111400014519,9.5,55.87,34.11,34.60,3.79
2111400014523,9.49,50.45,31.81,24.48,3.8
2111400014538,9.54,52.67,33.05,30.23,4.02
2111400014542,9.71,55.82,32.67,30.82,4.04
2111400014557,10.88,60.89,45.97,45.16,3.75
2111400014561,11.8,68.70,36.82,60.21,3.38
2111400014576,14.51,88.95,83.31,80.55,3
2111400014580,13.36,81.82,69.74,73.32,3.18
2111400014608,10.61,64.20,44.05,47.57,4.04
2111400014612,14.44,93.07,86.26,85.78,3.12
2111400014627,13.62,89.07,79.56,77.44,3
2111400014631,13.12,84.68,57.87,60.85,2.97
2111400014646,13.14,78.24,47.06,65.29,2.94
2111400014650,10.94,62.48,36.62,41.59,3.69
211140001467A,11.21,70.64,49.61,50.86,4.05
2111400014684,11.12,67.05,52.89,52.15,3.78
2111400014716,10.99,68.41,56.49,51.26,3.87
2111400014720,11.24,58.84,42.25,44.58,3.33
211140001474A,12.43,72.84,41.50,61.68,3.07
2111400014754,10.84,67.10,26.96,49.57,3.51
2111400014769,13.2,76.35,52.71,66.01,3.22
2111400014773,13.03,79.40,72.36,68.22,3.37
2111400014788,10.97,62.23,44.55,50.50,3.72
2111400014792,10.2,57.86,31.70,41.24,3.98
2111400014805,10.94,66.23,51.01,46.81,3.62
211140001481A,12.18,74.87,51.81,57.19,3.4
2111400014824,12.26,87.20,51.21,59.03,3.22
2111400014839,10.76,61.27,48.14,48.89,3.77
2111400014843,8.98,41.20,25.29,24.01,4.13
2111400014862,8.16,31.16,24.91,16.46,4.57
2111400014881,8.29,34.34,24.91,17.44,4.3
2111400014896,8.8,48.07,37.87,26.08,4.31
2111400014909,10.47,63.20,42.68,41.04,3.67
2111400014928,9.97,52.84,32.87,27.04,4.05
2111400014932,9.06,43.40,28.30,25.25,3.91
2111400014947,9.2,42.08,33.63,25.18,4.03
2111400014951,9.5,46.86,30.49,28.51,3.93
2111400014966,9.11,42.30,26.37,25.85,3.95
2111400014970,10.5,53.42,45.34,39.40,3.64
211140001499A,9.84,55.18,32.12,28.07,3.95
2111400015004,10.92,56.19,32.18,40.10,3.5
2111400015019,10.84,79.06,40.15,48.57,3.75
2111400015023,11.61,67.81,41.81,54.81,3.32
2111400015038,12.97,81.64,57.21,70.16,3.14
2111400015042,8.37,39.37,27.60,18.40,4.24
2111400015061,7.37,26.09,22.17,12.14,4.16
2111400015080,8.44,40.00,26.40,24.80,4.3
2111400015095,10.04,56.84,44.77,39.41,4.31
2111400015150,11.35,66.42,36.50,63.50,3.93
2111400015165,12.67,83.31,56.94,71.14,3.47
211140001517A,14.7,91.64,81.27,83.11,2.84
2111400015184,10.77,50.56,27.47,38.96,3.3
2111400015199,11.18,59.60,32.89,44.49,3.34
2111400015201,9.83,47.19,34.33,32.75,3.84
2111400015216,10.42,64.29,38.92,50.00,3.59
2111400015220,11.66,60.80,52.99,51.68,3.4
2111400015235,11.53,72.56,54.53,48.76,3.71
211140001524A,12.5,80.73,62.79,67.56,3.19
2111400015254,14.83,92.91,88.65,83.69,2.81
2111400015269,12.01,76.85,54.89,76.61,4.04
2111400015273,13,77.57,61.03,63.38,3.34
2111400015305,11.64,68.38,53.64,57.55,3.64
211140001531A,13.72,87.30,78.99,78.18,3.11
2111400015324,12.85,83.41,57.56,67.97,3.53
2111400015339,12.39,77.28,55.26,61.71,3.72
2111400015343,12.04,67.08,42.92,55.73,3.43
2111400015358,13.34,80.99,62.47,65.93,3.04
2111400015362,11.01,60.12,41.31,40.72,3.55
2111400015381,10.73,63.51,43.72,46.92,4
2111400015396,11.14,63.65,26.19,48.46,3.34
2111400015409,13.59,80.43,64.49,74.16,3.01
2111400015413,11.88,70.44,48.57,57.55,3.43
2111400015428,11.15,65.10,50.46,49.04,3.8
2111400015432,11.65,68.89,36.90,52.41,3.25
2111400015447,11.14,58.84,41.16,43.41,3.64
2111400015451,8.87,41.05,30.27,22.46,4.26
2111400015466,7.7,30.28,21.73,13.17,4.53
2111400015470,11.41,68.82,52.87,54.17,3.83
2111400015485,11.41,69.42,58.05,49.04,3.91
211140001549A,10.7,46.94,30.61,45.92,3.89
2111400015502,10.72,46.34,36.31,37.67,3.54
2111400015517,9.17,24.49,34.69,14.29,3.57
2111400015521,10,,,0.00,4
2111400015536,12.64,78.58,60.48,62.31,3.1
2111400015540,10.27,51.16,46.51,36.05,4.07
2111400015555,8.95,46.15,35.31,24.48,4.13
211140001556A,8.47,36.18,26.93,15.54,4.34
2111400015574,9.21,46.35,32.57,28.92,4.17
2111400015589,12.06,64.26,50.61,56.60,3.23
2111400015593,10.95,55.93,30.51,41.40,3.23
2111400015606,9.47,59.69,39.14,36.20,4.42
2111400015610,9.67,53.62,42.03,23.19,4.03
2111400015625,9.24,39.17,42.50,25.00,4
2111400015663,9.24,47.37,30.12,25.73,4.13
2111400015678,11.65,66.67,35.34,52.80,3.22
2111400015682,8.41,36.71,25.57,19.86,4.06
2111400015697,8.54,28.23,27.02,12.50,4.09
211140001570A,8.61,20.81,21.27,12.67,3.93
2111400015714,12.21,73.91,60.87,56.52,3.76
2111400015729,10.49,62.50,43.75,45.42,3.55
2111400015733,10.67,65.44,51.10,45.59,3.88
2111400015748,9.19,48.80,32.67,29.66,3.99
2111400015752,9.26,47.72,30.75,25.97,4.01
2111400015767,8.99,46.12,28.93,24.11,4.31
2111400015771,9.52,46.03,34.89,31.90,3.98
2111400015786,8.58,45.79,30.82,26.24,4.25
2111400015790,9.8,47.06,30.15,36.76,4.03
2111400015803,10.9,60.85,32.96,38.54,3.35
2111400015818,11.37,67.58,45.32,52.87,3.53
2111400015822,11.47,67.80,51.11,53.13,3.54
2111400015837,11.55,70.18,48.30,55.92,3.95
2111400015841,11.63,72.35,52.19,56.22,3.87
2111400015856,10.11,59.47,39.20,34.30,3.96
2111400015860,9.73,52.44,41.26,35.53,4.11
2111400015875,11.21,72.42,39.94,50.68,3.77
211140001588A,10.13,60.64,35.69,40.96,4.01
2111400015894,10.23,53.53,33.18,38.02,3.73
2111400015907,9.52,52.00,37.11,31.27,4.22
2111400015911,10.33,53.71,53.71,41.41,3.72
2111400015926,10.57,57.97,47.81,50.35,3.6
2111400015930,12.89,75.13,61.03,62.10,3.14
2111400015945,10.66,56.07,35.78,39.81,3.5
2111400015983,13.07,81.94,65.38,71.13,3.16
2111400015998,12.81,77.26,61.92,66.75,3.25
2111400016002,8.58,40.20,28.67,21.16,4.21
2111400016017,9.09,49.31,28.86,31.17,4.1
2111400016021,13.02,80.31,54.85,68.35,3.1
2111400016040,11.87,65.69,47.93,54.17,3.46
2111400016055,8.94,48.55,33.53,26.45,4.13
211140001606A,8.31,37.90,27.99,13.99,4.29
2111400016074,8.49,31.19,22.09,13.58,4.04
2111400016089,8.96,43.11,25.58,26.12,4.29
2111400016093,8.79,30.22,21.34,21.82,4.05
2111400016106,9.55,53.76,38.23,35.06,4.29
2111400016110,9.11,44.14,34.83,28.05,4.38
2111400016125,9.26,54.36,37.15,29.11,4.17
211140001613A,9.47,52.34,34.42,34.01,4
2111400016144,11.75,70.61,56.44,59.48,3.56
2111400016159,7.81,38.46,31.49,18.75,4.61
2111400016163,8.91,44.27,35.46,26.21,4.54
2111400016178,8.67,42.86,57.14,,5.86
2111400016182,8.53,45.73,22.53,22.53,4.32
2111400016197,9.62,46.50,35.56,31.61,3.66
211140001620A,9.16,38.54,42.71,33.33,3.96
2111400016214,9.44,58.82,35.29,23.53,3.65
2111400016252,10.4,50.82,55.74,34.43,4.03
2111400016267,10.73,56.16,41.31,41.25,3.43
2111400016271,11.14,55.45,39.06,42.41,3.33
2111400016286,12.51,81.28,60.02,69.50,3.55
2111400016290,13.5,84.08,68.00,76.64,3.24
2111400016303,13.01,75.43,61.80,67.40,2.92
2111400016318,12.97,83.18,60.75,69.35,3.3
2111400016322,8.62,44.44,27.45,16.34,4.07
2111400016337,13.01,75.11,57.02,65.85,3.02
2111400016341,14.74,98.68,100.00,94.74,3.33
2111400016356,13.19,77.93,55.61,67.84,2.96
2111400016360,11.98,61.54,69.23,30.77,3.85
2111400016375,8.51,32.39,34.15,20.42,4.16
211140001638A,8.6,32.00,18.40,18.80,4.21
2111400016394,8.27,36.11,29.17,19.44,4.24
2111400016407,10.59,54.73,32.42,34.50,3.46
2111400016411,11.01,58.63,34.95,44.43,3.22
2111400016445,6.88,12.00,24.00,,4.44
211140001645A,12.74,73.21,56.09,62.82,3.15
2111400016464,11,60.77,41.31,46.66,3.66
2111400016479,14.84,95.14,93.18,88.24,3.16
2111400016483,10.82,58.15,50.14,48.60,3.39
2111400016498,14.49,84.66,86.24,80.69,3.29
2111400016500,11.31,62.70,40.73,44.91,3.58
2111400016515,12.79,67.66,53.73,64.18,3.34
211140001652A,8.66,6.67,13.33,13.33,4.07
2111400016534,8.21,15.33,26.09,15.10,3.99
2111400016549,8.36,26.05,31.89,15.57,4.27
2111400016587,8.42,17.86,17.86,10.71,4.29
2111400016591,15.32,100.00,100.00,95.45,3.09
2111400016604,9.58,42.42,59.09,24.24,4.17
2111400016619,9.93,49.87,29.18,33.39,3.61
2111400016623,7.93,16.04,17.08,7.69,3.86
2111400016638,8.18,34.55,23.64,23.64,4.15
2111400016642,8.36,21.73,31.75,15.88,4.32
2111400016661,11.91,62.38,43.04,48.53,3.13
2111400016676,9.14,33.33,25.00,25.00,4.17
2111400016680,9.05,54.63,21.88,35.76,3.34
2111400016746,10.1,63.29,43.22,41.95,3.58
2111400016750,7.53,,,,3.63
2111400016765,9.26,49.07,35.82,31.47,4.25
211140001677A,10.3,56.35,42.29,40.82,4
2111400016784,10.95,64.81,48.41,47.42,3.92
2111400016799,9.86,57.85,34.87,34.00,4.24
2111401335108,6.29,5.28,18.91,6.95,4.08
2111401335112,5.94,5.62,15.24,5.04,4.18
2111401901016,7.13,16.39,27.45,10.32,4.34
2111401906568,7.26,16.35,21.15,10.58,4.08
2111401906657,7.25,,24.00,16.00,4.32
2111401943258,9.25,44.86,32.22,27.25,4.13
211140194563A,8.41,42.36,40.89,27.09,4.45
2111401946572,8.61,33.82,23.53,26.47,4.66
2111401963239,9.02,40.15,28.24,26.55,4.45
2111402110944,7.15,25.33,18.25,12.49,4.21
2111402110959,6.58,17.38,20.02,10.18,4.22
2111402115644,6.71,16.28,13.95,9.30,4.05
2111402116229,6.69,,18.52,,5.22
2111402183169,,,,,
2111402183173,8.28,33.33,40.44,20.77,4.67
2111402183188,8.94,35.90,37.12,22.71,4.27
2111402186233,8.6,43.26,37.18,22.67,4.53
2111402186248,9.35,47.11,38.10,29.37,4.11
2111402215127,7.8,16.73,25.88,11.44,4.3
2111402215131,7.88,17.56,25.37,12.31,4.05
2111402325659,9.48,52.35,43.71,29.00,4.03
2111403260018,6.62,7.08,14.69,5.21,4.55
2111403596426,9.07,49.63,29.93,27.68,4.51
2111403596430,9.86,48.16,36.50,34.99,4.13
2111403596695,8.47,27.88,24.24,17.58,4.47
2111404780037,8.1,34.95,24.80,15.44,4.12
2111404886712,11.44,53.39,36.73,45.13,3.12
2111404886727,10.67,47.52,32.06,37.02,3.11
2111404886731,12.43,80.00,48.57,54.29,3.31
2111405000041,14.92,89.92,83.72,86.05,2.88
2111405000075,15.3,84.34,93.98,79.52,3.07
2111405000094,14.04,77.82,73.59,71.13,2.7
211140500015A,14.88,76.16,72.67,76.16,2.41
2111405000164,14.29,80.85,69.06,78.57,2.77
2111500010119,7.8,31.69,29.82,19.19,4.32
2111500010123,7.85,27.79,31.47,17.86,4.4
2111500010138,6.93,18.57,22.89,10.80,4.17
2111500010265,5.15,4.23,26.76,0.00,4.37
2111500030301,7.16,11.72,28.78,9.35,4.31
211150006027A,5.76,7.15,46.67,5.37,4.11
2111500090142,6.45,13.32,33.24,5.90,4.31
2111500090157,6.18,11.85,32.48,6.33,4.27
2111500090161,6.8,13.87,36.54,7.67,4.36
2111500090176,6.3,7.84,39.05,4.41,3.78
2111500090195,6.38,16.90,46.69,7.67,4.06
2111500090246,6.96,11.45,47.33,9.16,4.27
2111500090284,5.65,7.76,42.24,12.07,3.75
2111500090299,6.59,0.00,66.67,0.00,3.73
2111500150212,6.3,8.52,18.75,6.68,5.05
2111500150227,6.27,11.16,19.97,7.70,4.78
2111500180231,6.43,17.45,40.66,8.58,3.91
2111500190015,7.32,8.58,36.30,8.25,4.87
211150019002A,6.57,4.30,34.38,5.47,4.63
2111600010046,8.42,29.29,46.21,22.22,4.47
2111700010062,9.27,61.35,30.96,31.88,4.25
2111700010077,7.87,35.89,25.42,15.89,4.44
2111700010081,10.17,48.47,36.22,33.42,3.98
2111700010096,9.43,45.79,30.74,29.34,4.19
2111700010151,8.25,,,,3.71
2111700010185,,,,,
2111700030132,7.42,20.89,24.56,10.64,4.39
2111700030147,7.37,28.50,17.88,9.61,4.5
2111700030170,7.86,40.00,30.00,,5.3
2111800010036,7.31,21.75,45.49,11.30,4.71
2111800010040,6.85,18.33,46.33,8.67,4.97
2111800010055,6.71,13.98,35.83,5.91,4.88
211180001006A,7.89,38.97,50.74,17.65,4.53
2111800010074,8.1,38.72,44.16,17.90,4.15
2111800010089,7.05,38.01,34.39,9.83,4.39
2111800010093,8.22,41.18,59.22,16.86,4.47
2111800010106,6.95,15.45,48.58,7.93,4.44
2111800010110,6.74,13.33,57.78,,4.89
2111800010182,7.26,35.85,43.40,9.43,4.48
2111800010197,0.00,,,,0.00
211180001020A,7.55,38.54,54.17,16.67,4.8
2111800010214,6.55,44.44,55.56,,6.11
2111800010229,8.5,61.54,38.46,23.08,4.69
2111800010233,8.28,,41.67,,4.58
2111800020159,7.82,22.92,43.40,11.81,4.95
2111800020163,7.81,32.10,41.19,11.08,4.59
2111800020178,7.72,26.33,35.95,9.62,4.53
2111800070252,7.36,31.88,48.77,11.99,4.61
2111900010052,9.99,46.27,44.19,37.34,4.23
2111900010086,9.6,42.79,52.78,31.33,4.22
2111900010090,14.32,93.80,72.29,89.58,2.4
2111900010156,13.04,81.57,66.24,71.51,2.97
2111900010160,11.65,69.21,65.16,60.62,3.54
2111900010194,10.85,62.41,49.57,50.19,3.71
2111900010207,10.75,60.48,43.55,46.31,3.73
2111900010211,9.49,44.59,44.43,29.78,4.09
2111900010226,8.64,32.67,41.29,20.49,4.35
2111900010230,9.6,42.35,44.86,33.54,3.84
2111900010264,10.72,54.78,57.35,41.54,3.78
2111900010279,13.59,88.23,78.09,82.58,3.08
2111900010283,11.14,59.32,54.24,50.85,3.81
2111900010334,9.34,35.90,41.88,22.22,4.44
2111900010387,14.48,89.88,73.81,82.02,2.64
2111900010404,15.08,97.05,96.07,92.46,3.06
2111900010461,12.16,55.00,70.00,60.00,4.1
2111900010512,12.84,67.36,66.77,62.02,3.35
2111900090033,8.22,31.23,47.96,20.63,4.97
2111900090137,8.04,31.06,44.72,15.53,4.75
2111900130029,8.77,38.92,40.21,23.61,4.69
2111900130141,8.64,48.30,39.04,28.40,4.24
2111900130298,14.02,90.35,82.18,82.43,2.97
2111900130300,11.22,61.78,55.56,54.67,3.72
2111900130315,12.98,87.50,87.50,75.00,3.38
211190013032A,8.35,27.27,35.01,16.83,4.42
2111900130349,9.37,44.33,38.27,29.92,4.19
2111900130353,9.14,47.89,37.82,27.56,4.31
2111900130368,12.31,75.78,61.47,65.79,3.21
2111900130372,12.47,77.91,71.00,68.17,3.42
2111900130419,13.89,86.00,73.50,78.56,2.98
2111900130423,13.26,84.03,66.16,72.83,3.18
2111900130438,12.21,73.91,52.74,55.84,3.41
2111900130442,13.81,88.23,68.68,78.65,2.81
2111900130457,12.97,80.45,68.81,69.03,3.42
2111900130476,12.01,61.42,69.54,60.41,3.73
2111900130480,14.62,95.98,89.48,90.19,3.28
2111900130495,15.02,98.45,98.18,93.68,3.29
2111900130508,15.18,98.21,97.49,92.71,3.16
2111900130527,11.99,68.12,73.19,62.50,3.72
2111900130531,15.16,99.21,98.41,96.83,3.18
2111900130546,15.17,98.58,96.55,93.10,2.93
2111900130550,15.09,98.73,97.45,93.27,3.11
2111900130565,14.66,41.61,40.62,39.80,3.34
211190013057A,14.35,92.62,88.72,86.14,3.15
2111900130584,12.8,77.15,59.57,69.14,3.01
2111900130599,12.88,83.01,63.81,71.27,3.04
2111900130601,15.34,47.61,47.40,44.70,3.16
2111900130616,10.97,66.25,42.38,45.45,3.4
2111900130620,13.82,88.17,73.21,82.91,2.72
2111900130635,12.87,84.59,65.88,75.80,2.99
2112000010034,5.73,2.72,9.86,2.38,4.49
2112100010031,7.11,21.43,35.12,7.14,3.54
2112200010039,8.3,35.94,28.12,14.06,3.94
2112200010043,8.49,48.94,38.26,18.87,4.33
2112200010058,8.74,48.18,35.25,20.45,4.08
2112200010062,7.67,17.86,53.57,,4.11
2112200030077,8.77,28.32,39.80,22.19,4.14
2112200030081,8.19,22.93,36.62,13.69,4.37
2112300010021,5.77,7.77,2.91,,3.58
2112400010014,8.08,36.66,27.40,21.56,4.26
2112400010029,7.81,34.79,25.20,19.89,4.01
2112400010052,7.68,28.19,13.56,11.17,4.09
2112400010067,7.31,33.02,21.59,13.97,4.09
2112400010071,6.98,16.67,22.46,9.42,3.99
2112400010086,8.22,57.14,57.14,,5.14
2112400010090,,,,,
2112400010103,0.00,,,,0.00
2112400010118,6.96,13.59,10.68,5.83,3.85
2112500010011,8.13,28.21,34.40,15.82,4.78
2112500010030,7.85,26.67,32.67,20.00,4.97
2112500020045,11.28,72.50,75.88,54.92,3.11
2112600010057,8.38,15.09,27.92,13.58,4.28
2112600010061,8.56,22.22,33.33,11.94,3.92
211270001004A,9.27,19.01,39.67,22.31,2.66
2112700010054,8.54,23.44,28.12,17.97,3.03
2112700010069,8.2,29.59,26.53,18.37,3.48
2112700010088,7.74,23.08,23.08,,3.23
2112700010092,7.04,23.33,16.67,10.00,3.43
2112800010085,7.19,31.18,20.43,9.68,4.43
211280001009A,8.4,35.88,33.53,13.53,3.94
2112800010102,7.51,22.41,27.16,17.24,4.07
2112800010117,8.27,26.49,39.74,13.91,3.91
2112800010121,8.26,35.40,31.39,17.88,4.16
2112800010136,8.39,27.17,30.98,14.67,4.23
2112800010140,8.15,23.03,32.02,20.22,3.58
2112800010155,7.62,20.65,26.81,10.51,3.98
2112900010063,6.73,21.97,15.61,8.09,4.19
2112900010078,6.15,17.39,15.36,7.83,3.84
2112900010082,6.32,20.25,19.43,11.08,4.1
2112900010097,6.18,21.82,19.54,13.36,4.04
211290001010A,6.88,,,0.00,4.2
2113000010030,7.26,16.30,27.90,10.87,3.73
2113000010045,7.78,21.81,31.21,15.77,3.63
2113100010038,8.36,7.26,45.16,6.45,3.55
2113100010042,8.12,12.16,43.92,8.78,3.6
2113200010020,11.45,62.22,38.87,43.68,3.46
211320001004A,11.3,59.39,38.37,46.52,3.56
2113200010054,10.84,54.87,30.14,44.04,3.37
2113200010177,10.13,46.46,37.43,32.43,3.96
2113200010209,11.77,66.40,55.94,54.12,3.33
2113200010213,11.51,66.45,55.18,52.72,3.44
2113200010247,10.58,61.56,46.40,41.35,3.95
2113200010321,10.5,59.23,37.37,40.24,3.78
2113200010336,10.72,55.55,39.19,36.53,3.52
2113200010340,10.17,52.01,33.58,36.43,3.64
2113200010355,10.12,55.04,32.69,34.61,3.82
211320001036A,9.88,40.85,36.93,30.36,4.16
2113200010374,11.06,52.06,34.42,37.84,3.79
2113200010389,9.85,40.98,34.69,28.60,4.12
2113200010393,9.57,39.74,28.36,23.88,4.23
2113200010406,10.55,52.26,38.90,38.58,3.65
2113200010410,10.28,49.80,40.24,34.23,3.99
2113200010425,10.4,49.94,43.29,35.94,3.82
2113200010529,8.62,40.20,27.57,20.60,4.33
2113200010533,9.74,41.94,39.64,30.63,3.86
2113200010548,9.04,35.56,34.74,21.53,4.12
2113200010552,10.83,60.17,52.94,44.37,3.61
2113200010567,9.56,57.00,42.00,25.00,4.3
2113200010656,6.6,,,,3.25
2113200010660,11.76,67.77,54.13,56.61,3.55
2113200010675,7.35,47.06,41.18,,4.35
211320001068A,9.46,35.71,42.86,23.21,4.03
2113200010707,8.62,38.96,40.26,16.88,4.29
211320001075A,12.26,74.42,46.51,62.79,3.14
2113200010764,12.15,50.00,69.23,53.85,3.58
2113200010779,13.23,67.80,69.49,64.41,3
2113200040637,8.87,42.64,31.94,20.96,4.21
2113200080641,8.96,30.03,32.17,19.10,4.18
2113200090158,9.08,41.17,34.20,21.80,4.55
2113200100124,8.99,35.17,30.42,18.81,4.1
2113200100251,9.61,41.18,32.35,30.88,3.99
2113200100266,8.46,30.32,38.30,20.21,4
2113200100270,9.03,25.96,43.27,19.23,4.05
2113200130181,7.98,20.27,25.23,12.16,4.77
2113200130285,8.74,25.94,34.96,16.92,4.35
211320013029A,11.21,53.08,52.76,47.24,3.42
211320013043A,8.32,24.87,30.74,14.68,4.69
2113200130444,8.75,30.67,37.13,20.21,4.15
2113200130459,8.99,30.86,36.33,20.46,4.27
2113200150302,7.84,18.54,31.13,12.91,4.9
2113200150463,8.64,37.17,24.87,17.59,4.9
2113200150478,8.05,20.25,23.63,13.40,5.06
2113200150482,9.29,31.39,30.29,20.97,4.75
2113200150497,9.06,37.82,28.64,22.85,4.87
2113200150571,9.02,41.51,31.50,22.34,4.98
2113200150586,8.31,38.83,27.14,13.78,4.9
2113200150590,7.62,39.13,37.68,11.59,6.07
2113200150603,8.59,,53.85,30.77,4.31
2113200150618,9.37,33.33,35.56,26.67,4.73
2113200150622,7.72,,30.00,,6.2
2113300010028,7.73,25.67,26.20,10.70,3.59
211340001003A,8.44,30.77,33.12,17.66,4.22
2113400010044,8.65,31.80,32.93,19.48,4.19
2113400010063,7.86,60.00,,,3.8
2113400010078,9.12,22.52,32.43,11.71,3.82
2113400020059,8.41,14.30,33.83,14.80,3.91
2113500010037,9.63,0.00,0.00,,4.33
2113500010041,7.12,,23.61,,2.93
2113500010056,6.18,0.00,18.81,4.95,2.8
2113600010034,10.05,51.10,37.32,35.69,4.45
2113600010049,9.99,49.44,37.01,33.14,4.35
2113700010065,7.09,24.22,31.65,10.55,3.8
211370001007A,7.3,26.79,25.36,14.11,3.8
2113700010084,6.88,,0.00,0.00,4.9
2113700040099,6.23,35.18,26.13,6.03,3.98
2113700040101,6.88,23.08,33.97,8.33,3.79
2113700040116,7.44,13.91,35.76,8.61,4.06
2113700040120,6.69,12.33,36.99,9.59,3.97
2113700040135,6.36,10.19,25.46,6.48,4.41
2113800010062,8.12,16.88,35.06,14.94,4.64
2113800010081,8.78,16.44,49.32,17.81,4.66
2113800010096,8.02,31.60,34.12,14.99,4.55
2113800010109,8,29.23,41.73,17.31,4.45
2113800020113,6.42,11.40,25.39,6.22,3.9
2113800020128,6.06,8.87,29.36,3.67,3.91
2113800030132,7.77,24.92,37.54,6.72,4.81
2113900010021,8.17,24.03,25.09,15.55,3.76
2113900010036,7.5,14.14,34.34,14.14,3.57
2113900010040,7.67,11.68,21.90,10.95,3.5
2113900010055,6.51,25.93,22.22,,4.07
211390001006A,,,,,
2114000010056,11.65,72.75,47.51,58.86,3.31
2114000010060,11.12,68.93,48.59,49.88,3.63
211400001008A,8.41,35.96,48.23,21.06,4.56
211400001015A,9.89,42.71,34.15,29.05,4.13
2114000010164,8.41,30.91,33.06,16.20,4.66
2114000010179,8.85,40.24,40.80,27.16,4.6
2114000010183,10.95,65.70,59.24,53.01,3.69
211400001022A,9.49,45.35,46.51,45.35,4.94
2114000010234,11.2,54.11,48.05,51.52,3.42
2114000010249,12.86,78.95,70.33,69.38,3.25
2114000010304,8.65,49.67,52.62,26.79,4.59
2114000010319,13.79,87.16,78.37,79.74,3.25
2114000010376,10.18,57.63,51.63,44.04,4.28
2114000010380,13.07,84.47,65.88,72.72,3.13
2114000010395,9.92,58.74,43.44,42.55,4.23
2114000010408,12.44,79.60,57.80,64.01,3.36
2114000010412,10.73,67.40,46.71,49.22,4.15
2114000010427,11.21,78.47,57.82,54.32,3.56
2114000010431,13.46,80.15,76.20,70.71,3.21
2114000010484,10.97,54.55,51.82,39.09,3.58
2114000010499,11.67,68.39,49.62,54.23,3.72
2114000010501,10.95,72.19,45.47,52.48,3.89
2114000010516,11.15,63.92,43.34,51.16,3.69
2114000010520,11.47,70.28,43.49,55.78,3.53
2114000070357,6.93,24.19,34.81,8.85,4.68
2114000070361,6.51,24.19,34.27,12.90,4.56
2114000140268,10.88,62.12,49.83,52.86,3.46
2114000140287,11.2,69.73,49.05,50.57,3.64
2114000140291,11.38,68.90,51.16,56.00,3.52
2114000140446,11.19,64.24,48.45,48.92,3.42
2114000140450,12.01,74.44,55.78,57.78,3.71
2114000140465,11.47,70.20,48.65,54.22,3.4
2114000200323,7.45,21.08,56.63,7.83,4.65
2114000200338,7.95,7.92,64.36,7.92,4.5
2114000200535,7.4,22.83,49.87,10.50,4.18
211400020054A,7.25,21.99,44.68,7.57,4.72
2114000270126,7.35,20.18,42.55,11.47,5.02
2114000270145,7.98,20.98,43.93,16.07,5.06
2114000270342,9.35,37.71,59.43,35.43,4.47
2114100010053,7.97,10.74,26.85,14.77,3.4
2114100010068,9.26,48.25,35.96,31.58,3.36
2114200010101,8.27,32.57,27.86,20.43,4.12
2114200010116,8.03,34.03,31.41,19.71,4.37
2114200010120,7.65,49.27,24.12,15.59,4.22
2114200010135,8.23,32.55,25.00,14.15,4.2
211420001014A,6.84,26.43,18.72,8.15,4.03
2114200010154,7.1,32.24,24.69,12.04,4.19
2114200010188,9.29,40.57,34.86,25.71,3.93
2114200010192,7.55,28.84,20.93,12.79,4.05
211420001021A,6.67,27.84,27.49,9.28,4.34
2114200010224,7.38,27.40,22.14,12.70,4.1
2114200030169,7.38,14.98,17.09,10.32,4.03
2114200030173,7.34,11.49,19.79,8.72,4.12
2114300010062,9.26,44.84,29.74,23.26,3.93
2114300010077,9.51,54.05,34.10,25.14,3.7
2114300080170,8.95,26.99,34.09,14.20,4.3
2114300090109,8.21,29.57,22.56,7.77,4.21
2114300090147,7.71,21.12,26.69,4.78,4.46
2114300090151,8.41,33.89,34.55,13.62,4.7
2114300090166,7.88,46.67,13.33,,5.03
2114300100185,8.94,20.09,33.82,10.69,4.53
2114300110113,9.09,35.83,39.03,22.14,4.23
2114300110128,9.25,35.48,34.54,22.59,4.1
2114300140132,8.94,32.63,35.86,22.53,4.16
2114300160043,8.81,28.83,28.43,12.88,4.3
2114300160081,10.4,48.50,33.29,26.06,3.43
2114400010036,7.45,25.99,38.60,15.13,4.7
2114400010040,7.44,38.66,38.76,13.02,4.79
2114400010055,7.92,36.79,42.88,17.75,4.97
211440001006A,7.81,27.03,48.65,18.92,4.76
2114400010074,7.48,18.82,29.41,12.94,3.82
2114400010089,7.88,48.57,31.43,11.43,4.49
2114400010093,7.19,14.71,38.24,0.00,4.91
2114400010106,5.64,0.00,,0.00,4.54
2114500010052,7.1,18.91,5.65,9.13,3.88
2114600010026,5.66,16.80,13.28,5.47,2.93
2114700010061,7.38,12.00,16.75,11.75,3.5
2114700010076,8.08,15.98,21.46,15.98,3.35
2114700010080,7.32,15.26,26.17,9.97,3.43
2114700010095,6.99,11.20,19.67,9.02,3.24
2114700010108,0.00,,,,0.00
2114700010112,3.5,,0.00,0.00,1.75
2114800010020,8.04,39.64,38.26,15.19,4.18
2114800030035,7.76,29.25,45.85,16.60,4.62
211480003004A,7.64,24.67,45.85,11.14,4.44
2114800040054,6.75,16.02,35.93,9.52,4.54
2114900010051,7.73,23.57,17.18,15.86,4.15
2114900010066,7.33,17.68,20.20,17.68,4.05
2114900010070,6.96,13.04,18.12,10.87,4.41
2114900010085,8.1,27.48,22.52,19.63,4.33
211490001009A,8.89,37.10,26.70,26.16,4.04
2114900010102,8.71,35.69,26.68,27.14,4.19
2114900010117,7.97,30.27,25.91,21.31,4.18
2114900040013,6.06,13.38,14.79,4.93,4.04
2114900040140,6.76,22.42,14.59,14.95,3.93
2114900040155,7.04,12.60,16.40,10.40,3.91
211490004016A,6.4,9.32,11.44,8.05,3.62
2114900060121,6.75,28.54,16.63,15.14,4.05
2114900060136,7.08,26.63,18.93,16.08,3.97
2115000010014,6.36,3.33,19.09,4.39,3.37
211510001005A,8.47,20.00,54.43,12.46,4.23
2115100010064,8.59,21.33,47.00,13.33,4.56
2115100010079,8.56,27.60,38.54,11.98,4.16
2115100010083,9.08,30.94,41.25,16.25,4.32
2115100010098,9.13,31.29,46.77,16.13,3.92
2115100020100,8.68,23.31,40.73,15.45,4.1
2115100020115,9.41,26.52,38.26,16.52,3.83
211510002012A,9.29,28.50,45.33,14.49,3.66
2115200010042,8.12,13.88,37.72,11.03,4.13
2115200010057,7.77,23.96,45.83,6.25,4.38
2115200010061,7.83,14.42,34.88,10.23,4.14
2115200010076,8.44,18.71,42.45,14.39,4.55
2115200010080,7.59,19.13,38.59,13.76,3.95
2115200010095,6.46,11.43,41.43,5.71,3.76
2115200010112,8.38,25.62,40.21,17.79,4.26
2115200010127,8.62,21.95,44.39,19.02,3.87
2115200010131,0.00,,,,0.00
2115300010073,9.03,6.37,39.61,11.91,3.95
2115300010105,9.45,24.09,40.62,19.61,3.8
211530001011A,10.18,42.42,49.09,27.27,3.72
2115300010124,10.84,45.90,50.15,35.26,3.77
2115300010139,9.91,28.69,40.91,20.45,4.02
2115300010162,7.14,,,,3.5
2115300020143,7.91,29.38,20.75,5.39,4.2
2115300020158,8.35,16.67,21.90,2.61,3.75
2115300020177,8.17,22.54,27.75,13.29,3.71
2115300020181,9.05,28.24,30.56,10.65,3.9
211530007004A,8.12,22.54,40.49,13.03,4.36
2115300070196,8.72,21.45,36.60,16.32,3.85
2115400010193,10.8,59.36,44.39,44.39,3.73
2115400010206,9.37,47.39,44.78,34.35,4.2
2115400010210,10.31,49.80,45.71,38.78,3.87
2115400010225,10.12,46.36,43.18,32.73,4.11
211540001023A,11.18,80.16,54.09,48.25,3.69
2115400010244,10.87,74.14,43.27,39.84,3.21
2115400010259,9.85,46.81,43.40,31.91,3.84
2115400010263,9.78,42.06,51.40,34.58,4.08
2115400010278,9.32,42.19,41.27,29.52,3.92
2115400010282,11.3,63.38,48.39,49.46,3.55
2115400010297,10.24,52.31,38.00,38.90,3.63
211540001030A,9.9,43.64,41.62,33.17,3.65
2115400010314,9.53,55.05,34.73,25.90,3.39
2115400010329,9.94,43.06,35.10,31.05,3.6
2115400010333,8.51,22.38,31.50,14.80,4.49
2115400010348,8.39,20.66,29.52,13.65,4.56
2115400010352,8.24,40.88,42.94,15.59,4.71
2115400010526,12.19,57.96,58.28,44.90,3.42
2115400010530,8.92,53.85,61.54,30.77,4.12
2115400010545,10.35,40.00,50.00,40.00,3.1
211540001055A,5.73,12.50,33.33,,3.38
211540001062A,9.56,40.00,62.86,22.86,4.37
2115400010634,11.16,59.86,48.56,40.38,3.58
2115400010653,9.24,,57.14,,6.29
2115400010668,8.81,39.39,24.24,12.12,4.36
2115400110579,7.54,36.35,39.37,12.79,4.46
2115400210441,8.37,21.66,20.92,11.87,3.9
2115400210456,8.08,34.83,19.10,8.76,3.93
2115400210460,8.24,16.60,18.81,12.97,3.92
2115400210475,8.54,18.52,18.84,14.44,4.13
2115400210564,8.85,,,,3.31
2115400260600,8.59,20.47,31.68,15.95,4.23
2115400260615,7.93,18.34,29.42,11.51,4.22
2115400270367,8.41,29.52,35.54,15.66,4.22
2115400270371,8.07,21.90,33.81,11.90,4.76
2115400270386,7.57,10.81,20.72,6.76,4.23
2115400270390,7.6,17.01,28.35,8.76,4.15
2115400270403,7.71,18.66,35.07,10.45,4.41
2115400270418,7.66,9.70,12.12,5.45,4.22
211540027048A,7.84,15.69,26.96,7.84,4.31
2115400270494,8.85,30.67,36.44,20.89,4.21
2115400270507,8.48,26.41,31.60,15.15,4.29
2115400270511,7.66,16.67,22.99,8.33,4.41
2115400270598,6.73,0.00,37.50,0.00,3.88
2115400270672,6.33,,,,2.67
2115400310649,8.46,31.30,38.14,15.57,4.34
2115500010063,10.55,16.13,21.37,33.06,3.29
2115500010078,11.65,29.42,19.04,49.23,2.47
2115500010082,9.77,41.26,35.87,34.08,3.7
2115500010097,7.23,,13.64,,4.73
2115600010022,6.8,17.65,14.71,,4.56
2115600010037,11.03,61.84,36.84,48.59,3.42
2115600010041,12.4,77.39,48.17,59.13,3.11
2115600010056,12.26,73.30,51.13,57.81,3.2
2115600010075,11.21,66.74,27.56,52.42,3.29
211560001008A,10.08,56.36,30.43,40.50,3.54
2115600010130,11.26,63.87,36.96,51.04,3.3
2115600010380,10.95,60.84,45.02,48.59,3.56
2115600010554,10.5,63.22,36.59,46.15,3.63
2115600010569,10.49,62.47,26.07,45.84,3.54
2115600010573,10.7,64.84,32.48,50.87,3.38
2115600010588,10.44,61.67,27.49,40.96,3.56
2115600010592,11.19,69.98,47.88,51.55,3.48
2115600010605,9.23,46.97,19.39,30.36,3.56
211560001061A,9.98,54.55,33.94,41.52,3.7
2115600010624,9.43,59.85,33.84,40.15,3.77
2115600010639,8.99,43.03,26.10,26.28,3.88
2115600010658,8.58,49.74,30.26,30.37,4.22
2115600010662,9.54,57.82,37.10,39.55,3.87
2115600010681,8.26,51.80,26.45,31.06,4.23
2115600010696,8.13,48.48,28.20,29.57,4.25
2115600010732,14,63.64,54.55,54.55,2.82
2115600010747,7.43,32.26,18.55,17.34,4.81
2115600010751,7.63,33.91,22.15,19.72,5.04
2115600010766,8.91,31.03,20.69,22.41,4.24
2115600010785,8.65,41.93,26.04,25.52,3.92
2115600010802,10.35,52.63,30.88,38.67,3.35
2115600010817,7.09,24.08,11.01,11.93,3.84
2115600010821,9.96,59.00,32.98,38.32,3.7
2115600010836,10.16,67.57,49.06,53.24,3.71
2115600010840,9.45,50.85,30.64,31.28,4.36
2115600010855,10.07,59.66,36.71,43.04,3.68
211560001086A,8.12,41.96,21.21,25.87,3.9
2115600010874,11.71,66.18,39.02,48.13,3.1
2115600010889,13.32,78.57,74.37,66.39,3.06
2115600010893,10.78,65.92,32.19,46.39,3.43
2115600010906,9.47,58.90,28.99,38.76,3.87
2115600010910,8.04,41.04,23.68,26.56,4.82
2115600010925,8.41,44.98,29.22,29.82,4.4
211560001093A,9.24,50.08,32.68,31.77,3.91
2115600010959,9.62,53.87,34.89,41.75,3.83
2115600010963,9.41,61.17,30.36,35.56,3.96
2115600010982,12.58,80.08,58.57,61.75,3.21
2115600010997,14.04,87.26,87.81,76.18,3.1
2115600011001,11.47,71.76,45.88,58.59,3.71
2115600011016,11.44,72.26,51.15,57.89,3.53
2115600011020,9.63,56.52,34.06,39.61,3.97
2115600011035,8.76,50.19,28.45,32.05,3.95
211560001104A,10.42,59.59,55.44,51.81,3.65
2115600011069,8.26,42.57,23.68,23.93,3.96
2115600011073,8.75,40.22,24.21,27.57,3.91
2115600011088,8.4,47.33,23.72,29.71,4.15
2115600011092,9.32,56.63,33.50,37.59,4.02
2115600011105,9.19,47.52,30.77,27.30,3.82
211560001111A,9.13,47.47,25.16,30.54,3.75
2115600011124,11.45,71.40,50.00,56.28,3.51
2115600011139,8.73,44.56,30.61,28.91,3.94
2115600011162,8.32,38.17,24.47,25.12,4.33
2115600011177,9.81,61.41,30.12,37.87,3.86
2115600011196,11.65,71.32,53.10,56.78,3.57
2115600011209,10.06,53.46,35.32,41.23,3.69
2115600011213,8.89,46.10,27.81,31.37,3.91
2115600011228,8.57,34.82,26.82,17.69,4.12
2115600011232,8.41,42.37,23.09,26.06,4.1
2115600011251,8.48,39.04,22.19,21.93,4.24
2115600011266,8.82,41.55,26.68,26.68,4.16
2115600011270,9.62,50.10,37.25,33.50,3.69
2115600011285,7.44,35.16,14.32,15.10,4.11
2115600011302,7.85,41.52,19.30,23.39,4.14
2115600011317,6.61,23.88,10.45,10.45,3.49
2115600011321,8.97,45.99,27.01,25.18,3.86
2115600011336,9.21,51.00,29.73,33.22,4.06
2115600011340,11.54,69.78,53.33,58.08,3.6
2115600011355,10.59,63.43,34.99,44.95,3.43
211560001136A,10.43,61.94,37.05,40.40,3.6
2115600011374,9.61,48.37,40.13,40.24,3.76
2115600011389,9.21,54.85,32.27,36.29,3.79
2115600011410,8.95,50.97,23.43,26.67,3.96
2115600011425,8.3,38.58,23.44,22.40,4.24
211560001143A,8.53,46.69,31.79,22.52,4.02
2115600011444,8.98,45.15,33.25,27.91,4.02
2115600011459,11.08,63.62,46.02,49.63,3.62
2115600011463,11.16,65.28,49.02,50.07,3.68
2115600011478,8.68,39.13,21.27,26.67,3.82
2115600011482,9.13,52.97,31.07,35.31,4.09
2115600011497,10.25,55.76,47.17,46.09,3.83
211560001150A,8.69,39.04,30.87,27.88,4.04
2115600011514,9.42,50.65,35.25,34.96,3.82
2115600011529,9.18,50.00,35.21,34.02,4.07
2115600011533,8.06,36.61,24.06,20.29,4.06
2115600011548,7.62,31.54,18.26,18.67,4.21
2115600011571,10.84,65.07,40.61,46.72,3.46
2115600011586,10.54,59.63,41.68,45.23,3.64
2115600011590,6.03,30.56,11.11,8.33,4.56
2115600011603,9.12,42.68,20.73,32.93,3.7
2115600011618,7.04,37.04,16.67,18.52,3.78
2115600011622,9.2,70.00,40.00,40.00,3.8
2115600011637,8.33,,21.43,,2.71
2115600011641,8.29,35.71,28.57,,3.93
2115600011656,6.12,18.56,20.62,9.28,3.95
2115600011660,6.83,34.15,14.63,18.29,5.38
2115600011675,7.52,40.00,15.00,20.00,4.3
211560001168A,7.86,38.10,23.81,19.05,4.02
2115600011694,7.38,23.61,23.61,6.48,4.31
2115600011707,8.92,40.00,35.56,28.89,4.29
2115600011711,9.39,54.79,37.67,31.51,3.77
2115600011726,6.96,15.79,,15.79,3.84
2115600011730,9.67,48.95,32.11,31.58,3.72
2115600011745,0.00,,,,0.00
211560001175A,,,,,
2115600011764,6.71,,50.00,0.00,4.63
2115600011779,,,,,
2115600011783,10.01,47.26,29.94,34.86,3.4
2115600011798,9.78,25.89,12.69,12.69,3.59
2115600011800,9.68,45.16,23.87,32.26,3.36
2115600011815,9.63,34.22,31.55,26.74,3.52
211560001182A,10.45,51.52,27.09,38.32,3.13
2115600090501,7.43,37.31,33.37,18.59,4.3
2115600090516,7.36,30.77,22.34,18.68,4.28
2115600090520,7.31,26.85,20.69,14.29,4.44
2115600090535,7.41,33.11,33.96,17.75,4.41
211560009129A,6.03,17.46,21.43,8.73,4.46
2115600120111,7.46,27.95,21.92,11.51,4.59
2115600120145,7.02,29.54,20.00,12.31,4.63
2115600141393,7.72,22.78,21.01,15.70,4.26
2115600141406,8.55,28.42,26.23,17.76,4.11
211560018015A,7.86,31.66,19.80,15.34,3.88
2115700010072,7.55,19.42,31.07,14.56,3.91
2115700010087,7.59,6.06,41.41,10.10,4.52
2115700010123,8.51,27.89,29.68,17.13,3.83
2115700010138,7.69,26.47,22.75,14.31,3.72
2115700010142,8.73,26.32,32.33,15.41,3.64
2115700010157,8.31,20.09,38.81,20.55,4.1
2115700010161,5.58,20.83,29.17,,4.58
2115800010046,9.63,22.18,18.77,20.82,3.24
2115800010050,9.67,16.67,,25.00,2.92
2115800010065,9.2,9.38,21.88,18.75,3.19
2115900010062,4.79,10.95,20.46,10.66,3.22
2115900010077,4.68,13.26,14.99,7.20,3.14
2115900010081,4.14,6.90,15.52,6.90,2.72
2115900010096,4.03,,,0.00,3.46
2115900010109,3.76,,16.67,,3
2115900010113,3.98,,8.00,,3.24
2115900010128,4.16,0.00,21.05,0.00,3.63
2115900010132,5.7,21.43,21.43,0.00,3.93
2116000010044,7.53,10.84,22.89,7.03,3.67
2116100010111,8.83,35.79,40.36,28.17,3.83
2116100010126,9.38,38.07,43.65,29.95,3.89
211610001022A,7.78,20.93,30.23,16.28,3.97
2116100030253,8.28,32.34,32.63,16.47,3.96
2116100030268,8.94,38.53,41.90,22.94,3.87
2116100040179,8.16,25.42,34.24,16.18,4.15
2116100040183,8.37,30.60,37.58,20.53,3.88
2116100040198,6.4,,,0.00,4
2116100040234,6.57,0.00,,0.00,4
2116100050094,6.96,33.33,35.90,17.95,3.15
2116100050107,6.67,26.42,32.08,7.55,3.77
2116100050130,7.53,29.52,34.22,15.78,4.2
2116100050164,7.17,36.84,42.11,18.42,4.42
2116100050200,8.19,36.17,38.35,17.48,3.86
2116100050215,7.61,34.36,31.28,16.74,3.78
2116100060249,6.89,17.53,30.18,13.72,4.11
2116200010053,6.35,3.47,9.49,4.56,3.76
2116200010068,6.21,5.46,11.95,7.17,4.21
2116300010050,7.3,7.81,20.31,12.50,4.72
2116300010065,7.12,5.68,13.64,3.41,5.31
2116300010120,7.61,24.30,24.77,18.25,4.73
2116300010135,7.8,23.65,21.34,18.84,4.62
211630001014A,7.68,21.67,19.84,16.38,4.49
2116300010154,7.33,22.48,16.99,14.94,4.47
2116400010151,8.39,46.15,53.85,26.92,4.54
2116400010166,8.54,20.59,40.20,10.78,4.41
2116400010170,8.83,33.56,39.04,11.64,4.31
2116400010185,8.58,17.02,54.26,8.51,4.66
211640001019A,8.28,25.20,52.03,23.58,5.27
2116400010202,8.96,26.67,42.22,15.56,4.33
2116400010240,9.65,38.60,46.62,26.75,4.32
2116400010255,9.97,40.76,42.40,34.49,4.19
211640001026A,9.97,43.63,41.24,30.71,4.3
2116400010274,10.04,44.64,44.87,33.03,4.05
2116400010289,9.84,48.67,40.72,33.07,4.23
2116400010293,10.93,53.39,49.88,42.37,4.07
2116400010306,10.31,52.79,47.21,41.38,4.09
2116400010310,10.73,52.07,60.10,43.52,4.34
2116400010325,8.91,17.33,37.33,13.33,4.29
211640001033A,13,60.00,100.00,60.00,4
2116400120109,8.55,28.33,34.41,14.26,4.4
2116400120113,9.73,40.67,43.15,26.82,4.36
2116400120217,8.63,20.37,43.12,12.22,4.28
2116400120236,8.45,26.33,47.94,13.75,4.46
2116400120414,6.66,40.00,33.33,,5.8
2116400120467,7.55,18.52,25.93,,4.37
2116400120471,8,21.79,44.87,5.13,4.18
2116400130058,8.62,25.34,45.97,18.46,4.87
2116400160062,6.89,14.49,25.48,8.38,5.02
2116400190378,8.54,8.97,33.33,6.41,4.59
2116400190429,8.86,12.44,35.97,9.28,5.17
2116400190433,8.05,6.84,17.95,5.13,4.68
2116400190486,10.07,0.00,0.00,0.00,3.83
2116400200448,9.28,22.28,42.08,12.13,4.6
2116400200452,8.24,24.21,39.48,18.25,4.95
2116400200490,6.33,0.00,100.00,0.00,5.33
2116400240128,7.62,31.33,41.35,11.29,4.79
2116400240132,7.63,35.36,36.46,11.05,5.35
2116400240147,7.68,29.59,40.99,14.63,5.53
2116400240344,6.15,6.82,40.91,,5.11
2116400240359,6.47,11.21,36.77,1.35,5.21
2116500010021,6.25,1.68,35.75,2.23,4.56
2116600010052,7.92,45.68,40.31,20.54,3.84
2116600010067,7.59,32.22,32.52,15.05,4.06
2116600010071,7.37,22.64,32.08,13.21,4.47
2116600010086,,,,,
2116700010030,6.72,14.35,14.77,6.75,3.8
2116700010045,5.68,29.51,14.75,13.11,3.89
211670001005A,5.14,0.00,0.00,0.00,4.8
2116800010095,5.52,,,0.00,3.73
2116800010108,8,21.24,29.02,9.84,3.69
2116800010112,8.09,25.88,31.58,16.23,3.7
2116800010127,8.74,28.00,24.00,24.00,3.8
2116800010131,,,,,
2116800020019,6.42,7.41,14.68,5.21,4.42
2116800020057,5.61,0.00,8.33,0.00,4.33
2116800020061,5.63,3.89,14.44,5.56,4.34
2116800020076,6.59,4.32,11.87,4.32,4.45
2116800020146,5.44,0.00,,0.00,4.87
2116900010073,10.17,47.17,36.14,33.96,3.4
2116900010088,9.15,32.32,29.90,21.86,3.44
2116900010092,8.08,18.36,23.28,12.79,3.71
211690001011A,10.8,30.00,40.00,,2.9
2116900010124,7.79,,,,4.54
2117000010089,9.37,43.95,42.04,19.75,3.73
2117000010093,7.82,38.15,29.32,9.24,3.65
2117000010106,0.00,,,,0.00
2117000010110,8.38,75.00,41.67,,3.83
2117000010125,7.57,80.00,,0.00,4.2
2117000050159,5.68,13.33,8.33,5.83,4.83
2117000050163,6.99,18.18,14.14,8.08,4.26
2117000050178,6.95,16.92,21.54,10.77,4.46
2117000050182,8.31,31.94,38.89,12.50,4.13
2117000050197,6.86,24.66,27.40,8.22,4.58
211700005020A,8.01,17.19,21.88,6.25,3.92
2117000050214,6.5,23.28,12.93,4.31,4.12
211700015013A,8.19,45.58,41.70,19.08,3.6
2117000150144,7.61,50.10,36.59,15.46,3.7
2117100010033,8.4,34.91,39.27,17.09,3.78
2117100010052,9.05,42.97,38.55,20.48,3.81
2117100010067,8.9,40.25,35.59,21.61,3.94
2117100010071,7.67,37.50,,0.00,3.75
2117100010086,9.64,,,0.00,4.25
2117200010064,10.5,42.57,38.05,38.17,3.48
2117200010083,9.41,26.25,29.15,23.36,3.7
2117200010098,9.04,17.11,32.89,16.45,3.55
2117200010100,,,,,
2117200010115,10.61,53.33,,46.67,3.87
211720001012A,9.72,40.00,40.00,45.71,3.51
2117200010134,8.64,,,,2.6
2117300010038,10.68,36.75,35.60,33.77,3.56
2117300010061,11.08,48.98,44.22,48.64,3.44
2117300010076,12.03,48.84,42.74,45.05,3.36
2117400010016,11.2,59.80,34.93,49.40,3.32
2117400010020,9.82,39.09,22.59,32.94,3.5
2117400010035,11.56,60.19,33.96,48.95,2.85
211740001004A,12.03,67.87,39.89,58.17,2.93
2117400010054,11.38,55.82,27.38,49.02,3
2117400010069,11.12,51.87,29.35,42.41,3.13
2117400010105,9.85,43.46,25.07,33.70,3.42
211740001011A,10.93,57.34,36.20,45.57,3.32
2117400010124,11.69,57.71,45.88,47.85,3.24
2117400010177,10.51,58.85,35.87,41.15,3.53
2117400010209,9.53,37.24,25.61,31.13,3.52
2117400010213,10.15,39.93,29.98,34.46,3.38
2117400010228,9.59,34.09,28.30,31.12,3.46
2117400010251,9.42,34.29,27.27,30.91,3.63
2117400010266,10.09,43.53,23.71,37.64,3.41
2117400010270,9.1,25.88,24.71,24.71,3.81
2117400010285,8.46,22.42,16.97,18.79,4.19
211740001029A,9.08,24.57,18.53,26.72,3.64
2117400010317,7.37,31.25,25.00,,3.56
2117400010340,11.89,52.82,47.80,48.01,3.36
2117400010355,11.8,60.57,53.93,58.35,3.26
211740001036A,8.78,32.25,26.04,26.33,3.76
2117400010389,9.98,23.91,21.01,31.16,3.49
2117400010393,10.04,51.25,36.25,40.00,3.86
2117400010406,10.45,18.75,21.88,21.88,3.75
2117400010410,0.00,,,,0.00
2117400010444,8.67,29.87,27.01,25.45,3.79
2117400040321,9.17,25.86,22.25,23.12,3.8
2117400160302,7.89,22.33,15.74,15.43,4.44
2117400190336,6.63,6.10,7.57,6.20,5.12
2117400220374,8.52,25.03,21.39,20.56,3.99
2117500010051,6.67,8.93,41.07,9.29,4.35
2117500010066,7.46,22.96,38.43,15.13,4.56
2117500010070,7.35,27.51,39.74,17.03,4.24
211760001003A,7.37,44.12,16.67,9.80,3.59
2117600010044,6.72,38.89,16.67,11.11,3.48
2117600010059,8.43,31.78,28.66,20.87,3.53
2117600010063,8.54,38.72,36.49,19.22,3.79
2117700010094,9.42,35.59,39.03,24.55,3.69
2117700010183,8.23,18.42,36.84,9.21,4.11
2117700010198,8.36,22.84,44.23,14.42,4.2
2117700010200,7.52,13.99,29.22,10.29,4.2
2117700010215,8.23,23.25,41.08,12.42,4.3
211770001022A,8.96,27.84,37.69,19.35,3.83
2117700100022,5.49,8.62,21.21,4.66,4.48
2117700160111,6.38,20.04,25.33,13.88,4.1
2117700160126,5.58,14.71,20.84,8.41,4.53
2117700160130,5.29,11.05,24.21,5.79,4.29
2117700160234,6.66,22.28,34.07,16.39,4.47
2117700160249,5.63,21.00,30.00,11.00,4.3
2117700160253,4.74,57.45,21.28,14.89,4.26
2117700160304,6.2,0.00,,0.00,4
2117700160319,6.08,,,,4.93
2117700160323,6.82,11.43,25.71,20.00,4.34
2117700160357,6,20.41,44.90,12.24,4.47
2117700160380,6.75,,0.00,0.00,3.33
2117700190037,6.5,18.77,25.26,9.49,4
2117700190145,6.32,22.45,32.65,12.24,3.59
211770019015A,6.05,18.42,23.68,,4.71
2117700190164,5.8,12.29,23.31,2.97,4.19
2117700190179,6.61,16.28,30.23,6.40,4.31
2117700200268,6.91,12.72,37.50,6.47,4.33
2117700200338,7.51,6.17,18.52,4.32,3.85
2117700200342,7.95,10.87,43.48,13.04,3.98
2117800010053,7.95,12.10,16.37,12.10,3.33
2117800010068,8,5.95,7.14,4.76,3.79
2117800010072,7.93,16.67,18.75,14.58,3.49
2117900010192,9.7,34.60,40.76,28.44,4.23
2117900010205,9.05,32.13,33.03,22.85,4.21
211790001021A,8.17,21.16,23.19,14.78,4.31
2117900010224,6.56,6.45,24.19,4.84,4.4
2117900010239,7.91,12.69,27.99,11.57,4.45
2117900010243,8.45,22.25,25.07,17.46,4.63
2117900010258,0.00,,,,0.00
2117900010262,8.9,28.79,19.70,15.15,3.62
2117900180277,7.84,11.08,22.99,8.59,4.26
2117900180281,6.82,10.92,19.83,5.46,4.41
2118000010066,9.07,25.71,38.42,16.95,3.92
2118000010070,9.01,31.94,36.77,24.84,4.3
2118000010085,8.57,21.33,30.72,17.81,4.35
211800001009A,8.76,23.25,30.94,16.96,4.53
2118000010278,0.00,,,,0.00
2118000050225,8.68,12.94,36.94,13.18,3.93
211800005023A,8.43,9.44,28.61,8.89,3.83
2118000130136,8.15,32.69,34.29,10.90,4.12
2118000130140,7.9,27.20,32.14,9.89,4.28
2118000130155,8.21,10.32,15.48,8.73,3.97
211800015016A,7.75,17.61,20.27,10.96,4.13
2118000150174,8.13,22.02,26.97,12.58,4.37
2118000150189,8.26,20.14,24.71,11.67,4.24
2118000180193,7.78,24.02,26.64,6.11,4.6
2118000180206,8.02,30.13,29.71,11.09,4.4
2118000180210,7.61,7.60,18.25,7.22,4.16
2118000190244,7.56,23.85,26.36,13.39,4.38
2118000190259,8.14,26.01,30.65,16.72,4.01
2118000190263,8.07,27.10,41.12,19.31,4.03
2118100010044,8.15,21.21,33.33,12.12,4.52
2118100010063,8.68,32.15,29.77,20.05,4.35
2118100010078,8.66,28.57,27.81,18.33,4.13
2118200010041,8.47,20.10,31.37,13.48,4.85
2118200010056,8.03,51.82,35.97,10.23,4.8
2118200010060,8.23,32.50,41.39,13.06,4.82
2118300010034,7.3,13.87,13.63,9.49,3.8
2118300110087,4.59,2.65,4.80,0.99,4.51
2118300220068,5.77,3.12,13.75,3.44,4.18
2118300220072,5.87,1.33,8.52,2.08,4.07
2118300230053,6.09,4.24,9.02,6.08,3.85
2118400010027,7.19,36.99,27.40,20.55,3.73
2118400010031,8.52,43.48,26.09,17.39,3.61
2118400010046,5.76,4.35,8.70,3.26,3.65
211850001001A,6.79,28.05,29.94,12.45,3.98
2118600010093,11.15,42.77,32.47,41.31,3.47
2118600010125,9.44,21.09,24.00,25.82,3.75
2118600010178,11.61,56.33,42.99,46.12,3.62
2118600010182,11.78,51.61,50.80,45.98,3.63
2118600010214,9.91,28.57,,,3.9
2118600010229,12.98,58.04,63.39,64.29,3.57
2118600240267,8.25,9.96,24.48,12.03,3.82
2118600240271,8.86,11.40,37.72,10.53,3.71
2118600240286,9.06,20.75,37.74,20.13,4.19
2118600240290,8.85,12.38,37.14,10.48,3.79
2118600240303,8.29,13.70,30.14,15.75,3.73
2118600250248,7.74,7.36,43.87,6.54,4
2118600250252,7.5,6.88,43.98,7.37,4.15
2118600400197,6.99,9.55,21.82,7.05,3.92
211860040020A,6.98,9.00,19.72,7.61,4.13
2118600460233,8.87,18.22,25.42,15.47,3.92
2118700010029,7.55,21.64,14.25,11.23,3.41
211880001005A,7.88,24.36,21.79,14.10,3.9
2118800010064,8.22,33.33,33.33,,4
2118800010079,6.2,8.28,18.93,3.55,4.19
2118800010083,7.35,20.12,24.09,13.11,3.98
2118800010098,8.03,28.37,34.38,18.34,3.76
2118800020100,8.14,11.36,34.57,9.88,4.03
2118800060115,6.21,4.98,27.13,3.85,3.95
2118900010131,6.53,27.06,18.82,7.06,4.47
2118900010146,8.97,37.21,39.53,21.12,4.08
2118900010150,8.52,32.67,38.90,18.95,4.21
2118900010165,8.25,19.81,32.55,12.74,4.29
211890001017A,8.1,23.24,29.36,12.84,4.21
2118900010269,10.06,33.33,50.00,,4.92
2118900010288,8.38,,,0.00,4.25
2118900090108,8.81,22.57,40.99,16.56,4.09
2118900090184,9.05,20.33,41.31,17.05,4.12
2118900090199,8.49,17.51,36.58,12.84,4.08
211890009024A,9.24,66.67,,,3.67
2118900100112,7.79,13.16,21.05,,4.03
2118900100127,8.22,24.59,26.23,8.20,4.28
2118900100201,8.61,26.85,37.58,21.48,4.47
2118900100216,8.63,34.95,43.69,16.50,4.32
2118900100220,8.94,28.65,41.62,18.38,4.55
2118900100235,8.32,22.93,34.59,13.53,4.47
2118900100254,,,,,
2118900100273,8.91,16.67,27.78,,4.78
2119000010043,7.79,11.93,11.93,6.42,3.08
2119000010058,8.39,12.82,13.46,8.33,2.79
2119000010062,8.53,19.44,15.28,12.50,2.46
211910001006A,7.95,47.70,41.58,26.53,3.39
2119100010074,7.62,48.49,38.52,25.75,3.58
2119100010089,7.13,37.45,37.66,23.64,3.4
2119100010093,7.18,52.60,35.42,17.71,3.95
2119100010106,6.15,40.32,35.48,20.16,3.72
2119100010110,5.06,30.00,0.00,0.00,2.3
2119100010125,8.27,44.44,44.44,,3.78
211910001013A,6.45,32.00,28.00,16.00,3.4
2119100010144,7.16,64.00,28.00,16.00,3.86
2119200010033,8.45,24.56,16.01,22.15,3.4
211930001005A,7.71,8.54,13.82,4.07,3.72
2119300010064,7.75,5.77,12.50,,3.7
2119400010095,9.52,42.11,32.41,28.53,3.11
2119400010108,8.15,27.50,22.98,17.14,3.51
2119400010131,8.78,22.93,31.22,20.98,3.82
2119400010146,10.31,63.16,52.63,36.84,3.89
2119400010216,8.2,41.67,33.33,,4.83
2119400010220,8.83,37.06,31.95,17.25,3.55
2119400010235,9.13,37.92,29.53,27.52,3.48
211940001031A,7.23,,,0.00,3.14
2119400120150,7.35,12.89,10.10,9.06,3.34
2119400120165,7.95,12.43,21.89,15.95,3.31
211940016017A,7.69,26.50,24.50,15.10,3.81
2119400160184,7.31,17.08,17.79,9.61,3.54
2119400160199,8.31,23.26,25.35,19.44,3.81
2119400160201,8.41,32.16,32.16,22.11,3.73
211940016024A,9.69,46.17,43.03,39.29,3.53
2119400160254,9.95,43.62,37.98,34.12,3.76
2119400160269,8.99,36.36,28.72,27.27,3.87
2119400160273,8.25,26.83,23.17,15.24,3.89
2119400160288,7.13,0.00,,0.00,5.18
2119400160292,8.21,19.60,30.15,13.07,3.65
2119400160305,7.8,14.90,21.63,9.13,4.03
2119400160324,8.1,7.14,19.05,7.14,4.21
2119400160339,8.78,26.47,23.53,14.71,3.94
2119400160343,7.13,10.00,27.50,,3.45
2119400160358,8.17,17.65,35.29,23.53,4.24
2119400160362,8.72,,,,4
2119400160377,7.39,19.44,,,4.19
2119500010054,6.21,9.98,29.43,7.98,4.06
2119500010069,6.2,10.67,26.00,7.67,3.93
2119500010073,6.76,8.62,36.21,10.34,3.88
2119500010092,4.87,0.00,,,4.23
2119500140105,6.31,5.36,28.37,3.63,4.65
2119500160088,3.94,2.61,16.09,1.30,5.06
2119600010047,8.01,24.48,26.56,23.96,3.03
2119600010051,8.32,20.47,27.56,17.32,3.4
2119600010070,8.16,0.00,20.00,,3.27
2119700010114,9.23,36.50,19.72,23.56,3.77
2119700010129,10.73,54.85,31.84,39.18,3.23
2119700010133,10.01,44.47,24.73,34.28,3.47
2119700010186,8.91,34.21,21.05,23.79,3.75
2119700010190,10.2,44.97,36.79,34.28,3.42
2119700010203,7.95,23.44,13.88,12.44,4.01
2119700010218,7.75,15.22,12.27,11.78,3.98
2119700010275,9.53,28.53,23.35,25.53,3.65
211970001028A,8.5,45.35,20.23,19.24,3.97
2119700010294,9.37,34.20,30.65,25.11,3.76
2119700010307,10.06,41.86,38.17,28.85,3.54
2119700010311,10.12,30.82,32.02,27.49,3.82
2119700010326,7.78,8.43,6.02,7.23,3.95
2119700010330,7.48,14.71,20.59,8.82,4.21
2119700290222,8.22,11.91,21.48,13.59,3.61
2119700290237,8.86,18.10,25.03,15.04,3.54
2119700290241,7.83,11.05,15.12,10.35,3.66
2119700290256,8.22,13.42,28.19,14.77,3.55
2119700290260,7.21,3.72,11.63,5.58,3.87
2119800010041,6.51,,20.97,3.23,3.85
2119900010053,8.54,35.07,24.25,21.16,4.18
2119900010068,8.01,34.27,25.08,18.18,4.08
2119900010072,8.24,19.57,21.74,14.13,4.22
2119900010087,8.16,,33.33,,4.5
2119900080142,7.76,12.38,20.53,11.29,4.37
2119900090091,7.05,27.32,25.06,13.91,4.42
2119900120123,6.93,13.82,20.21,5.87,4.39
2119900160104,5.9,14.10,20.78,5.96,4.39
2119900160119,5.86,17.86,15.59,5.25,4.55
2120000010056,9.05,21.21,18.94,21.21,3.04
2120000010060,8.43,21.25,18.75,17.50,3.52
212010001002A,6.99,15.50,26.32,11.99,3.6
2120100010034,6.98,31.11,24.44,11.11,3.36
212020001007A,6.86,31.22,10.73,7.80,3.62
2120200010084,6.94,12.30,11.23,7.22,3.46
2120200010099,6.85,0.00,0.00,0.00,3.4
2120200010101,9.9,100.00,,,3.75
2120200100116,6.15,0.74,5.62,2.07,4.31
2120300010077,7.79,23.00,26.58,14.35,3.68
2120300010081,6.62,18.36,25.56,10.67,4.03
2120300010096,7.2,12.84,21.04,9.56,3.47
2120300010109,6.52,12.20,22.26,9.45,3.85
2120300010113,7.12,,22.22,22.22,4.06
2120400010036,10.29,23.27,28.24,29.48,3.95
2120400010055,10.34,23.72,28.37,33.95,4.08
212040001006A,9.22,10.31,20.10,20.10,4.48
2120500010090,0.00,,,,0.00
2120500010141,6.12,6.12,30.61,6.12,4.06
2120500010156,6.8,,26.00,,4.5
2120500010207,7.35,14.04,32.51,8.87,4.51
2120500010211,7.89,18.36,35.85,12.31,4.37
2120500010226,6.95,12.33,27.59,5.68,4.47
2120500010230,7.43,17.63,33.81,11.51,4.17
2120500010300,6.98,0.00,38.46,,5
212050001032A,,,,,
2120500010372,8.18,,,,4.4
2120500010387,7.32,0.00,,0.00,4.45
2120500010391,6.95,,,,3.69
2120500010404,7.09,0.00,0.00,0.00,5.29
2120500060103,8.62,23.88,32.01,16.26,3.81
2120500060118,7.23,37.50,32.87,9.88,3.87
2120500060122,7.3,13.94,21.46,8.85,3.54
2120500060298,6.95,60.00,,,3.8
2120500060315,7.74,21.43,42.86,21.43,3.93
2120500060334,0.00,,,,0.00
2120500060349,8.31,0.00,,0.00,4.67
2120500060419,8.34,11.54,11.54,,3.31
2120500060423,0.00,,,,0.00
2120500060438,6.17,83.33,,0.00,4.67
2120500060442,7.85,92.86,32.14,14.29,4.32
2120500070160,6.54,11.61,40.18,3.57,3.88
2120500070175,7.18,,31.58,7.89,3.55
212050007018A,7.48,9.30,48.84,6.98,3.98
2120500070245,7.87,27.69,46.46,18.46,3.5
212050007025A,8.03,12.29,39.71,8.86,3.5
2120500070264,7.25,16.36,39.25,8.18,3.9
2120500070353,8,9.52,40.48,9.52,3.62
2120600010045,6.62,22.48,32.25,9.77,3.34
212060001005A,6.93,45.45,31.82,,3.77
2120700010019,11.98,61.09,37.67,53.25,3.36
2120700010080,11.11,44.31,33.21,40.49,3.69
2120700010095,11.34,43.77,35.14,45.37,3.37
2120700010150,6.36,0.00,0.00,0.00,2.57
2120700010254,10.25,17.05,26.14,26.14,3.94
2120700050165,8.84,15.73,21.57,19.78,4.2
212070005017A,8.18,13.82,17.89,16.67,4.46
2120700110184,6.9,5.25,27.68,6.26,4.19
2120700110199,7.56,6.33,35.24,6.02,4.37
2120700110273,4.03,0.00,30.77,0.00,4.08
2120700120201,6.95,5.20,13.50,7.17,4.02
2120700120269,5.89,,,0.00,4.11
2120700170023,5.55,0.89,3.02,0.89,4.51
2120700180216,7.87,8.36,19.71,10.92,4.25
2120700210127,7,4.53,14.93,4.67,3.89
2120700210131,8.86,14.96,22.73,17.74,3.76
2120800010105,11.42,54.67,40.62,44.52,3.51
212080001011A,10.94,46.57,47.12,45.01,3.67
2120800010124,11.34,53.17,44.57,49.37,3.54
2120800010139,11.48,60.33,48.26,48.63,3.6
2120800010143,11.29,53.05,43.01,42.78,3.55
2120800010158,10.08,35.32,40.97,32.29,3.8
2120800010162,9.32,33.48,34.72,27.03,4.08
2120800010177,9.48,33.23,39.75,24.53,3.94
2120800010181,11.46,54.34,48.55,47.98,3.78
2120800010196,10.28,33.62,47.68,33.99,3.93
2120800010209,10.45,38.33,35.00,40.00,3.63
2120800010247,8.8,18.78,38.86,17.47,3.81
2120800010251,8.63,42.86,14.29,19.05,4.33
2120800040270,8.59,31.96,32.34,13.64,3.91
2120800040285,9.3,28.68,36.98,18.49,4.02
2120800070054,6.27,5.20,37.00,2.08,3.86
212080015029A,10.41,37.97,47.66,35.85,3.85
2120800150302,8.52,18.23,34.55,15.74,3.98
2120900010070,8.4,50.00,37.96,32.41,3.78
2120900010085,8.18,52.00,28.00,24.00,3.68
212090001009A,9.03,44.12,17.65,41.18,4.12
2120900010140,9.25,46.96,37.38,32.59,3.74
2120900010155,9.68,54.25,39.73,39.73,3.85
2121000010029,8.68,29.81,11.59,19.05,3.63
2121100010030,10.74,40.34,34.51,34.99,3.74
2121100010045,10.91,42.14,35.64,35.93,3.55
212110001005A,10.92,42.50,44.61,39.21,3.75
2121100010064,9.26,23.08,31.02,19.11,3.97
2121100010079,9.74,29.51,32.29,28.47,3.85
2121100010083,10.69,45.45,36.36,38.64,3.93
2121100010098,9.06,33.33,33.33,,3.5
2121100010100,13.12,50.00,54.35,65.22,3.65
2121200010057,9.84,22.35,48.82,19.41,3.72
2121200240061,7.92,8.78,30.72,5.98,4.03
2121200240076,8.52,11.55,32.28,10.50,4.03
2121200240080,7.42,,0.00,0.00,4.43
2121300010035,6.7,2.36,1.97,5.51,4.11
2121400010013,7.24,28.86,21.28,16.49,4.12
2121400010047,6.6,20.62,23.20,14.95,4.46
2121400010051,6.87,26.52,25.41,13.81,4.33
2121400010066,7.15,27.08,21.45,15.01,4.13
2121400010070,7.7,32.10,22.96,22.10,4.15
2121400010085,8.08,24.39,31.71,12.20,4.56
212150001003A,7.16,6.63,7.18,17.13,3.8
2121500010044,6.3,2.88,3.75,5.19,3.93
2121500010059,6.93,9.95,4.84,11.02,4.01
2121600010022,6.75,5.10,8.50,10.88,3.13
2121700010053,8.65,25.00,30.63,18.75,3.87
2121700010072,6.88,13.79,23.45,11.72,4.04
2121700010087,5.63,4.48,12.11,5.38,4.1
2121700010091,6.22,4.85,11.65,5.83,4.23
2121700010104,5.25,7.39,10.80,,4.82
2121700020123,4.22,2.22,7.14,1.27,4.06
2121700100119,4.57,18.52,5.48,0.97,4.45
